,基金代码,基金简称,类型,2021-07-14-单位净值,2021-07-14-累计净值,2021-07-13-单位净值,2021-07-13-累计净值,增长值,增长率,市价,折价率
0,511010,国泰上证5年期国债ETF行情,债券型-长债,124.3110,1.2560,124.3180,1.2560,-0.0070,-0.01%,124.2790,0.03%
1,159926,嘉实中证中期国债ETF行情,债券型-长债,115.6460,1.1560,115.7970,1.1580,-0.1510,-0.13%,115.4890,0.14%
2,511310,富国中证10年期国债ETF行情,债券型-长债,114.2355,1.1424,114.2897,1.1429,-0.0542,-0.05%,112.6000,1.43%
3,511260,国泰上证10年期国债ETF行情,债券型-长债,114.0270,1.1400,113.9610,1.1400,0.0660,0.06%,114.3300,-0.27%
4,511280,华夏3-5年信用债ETF行情,债券型-长债,111.1399,1.1114,111.4222,1.1142,-0.2823,-0.25%,111.6000,-0.41%
5,159972,鹏华中证5年地债ETF行情,债券型-长债,107.4165,1.0764,107.3698,1.0759,0.0467,0.04%,106.2800,1.06%
6,511020,平安中证5-10年国债活跃券ETF行情,债券型-长债,107.0946,1.0809,107.1283,1.0813,-0.0337,-0.03%,107.1000,-0.01%
7,511270,海富通上证10年期ETF行情,债券型-长债,106.3474,1.1462,106.3149,1.1458,0.0325,0.03%,105.5500,0.75%
8,511360,海富通中证短融ETF行情,债券型-中短债,102.6592,1.0266,102.6454,1.0265,0.0138,0.01%,102.6450,0.01%
9,511060,海富通上证5年期ETF行情,债券型-长债,102.3711,1.0622,102.3498,1.0620,0.0213,0.02%,101.5060,0.85%
10,159816,鹏华0-4年地方政府债ETF行情,债券型-长债,101.2740,1.0262,101.2136,1.0256,0.0604,0.06%,100.4980,0.77%
11,511220,海富通上证城投债ETF行情,债券型-长债,98.2600,1.2900,98.1870,1.2890,0.0730,0.07%,96.5040,1.79%
12,159943,大成深证成份ETF行情,指数型-股票,17.4730,1.1470,17.6230,1.1570,-0.1500,-0.85%,17.3510,0.70%
13,511380,博时可转债ETF行情,债券型-可转债,10.9851,1.0985,11.0210,1.1021,-0.0359,-0.33%,10.6850,2.73%
14,511030,平安中债债利差因子ETF行情,债券型-长债,10.4981,1.0908,10.4936,1.0904,0.0045,0.04%,10.4950,0.03%
15,511180,海富通上证投资级可转债ETF行情,债券型-可转债,10.3787,1.0379,10.4028,1.0403,-0.0241,-0.23%,10.3740,0.05%
16,510580,易方达中证500ETF行情,指数型-股票,7.8741,1.2133,7.9415,1.2237,-0.0674,-0.85%,7.8900,-0.20%
17,510500,南方中证500ETF行情,指数型-股票,7.7337,2.1679,7.7996,2.1864,-0.0659,-0.84%,7.7450,-0.15%
18,159968,博时中证500ETF行情,指数型-股票,7.6271,1.5035,7.6900,1.5159,-0.0629,-0.82%,7.6280,-0.01%
19,510590,平安中证500ETF行情,指数型-股票,7.5567,1.2609,7.6218,1.2718,-0.0651,-0.85%,7.5580,-0.02%
20,510530,工银中证500ETF行情,指数型-股票,6.9832,1.3500,7.0437,1.3617,-0.0605,-0.86%,6.9950,-0.17%
21,159970,工银瑞信深证100ETF行情,指数型-股票,6.9400,1.5190,6.9934,1.5307,-0.0534,-0.76%,6.9440,-0.06%
22,515360,方正富邦沪深300ETF行情,指数型-股票,6.0626,1.4963,6.1324,1.5136,-0.0698,-1.14%,6.0780,-0.25%
23,515930,永赢沪深300ETF行情,指数型-股票,5.9810,1.5567,6.0497,1.5746,-0.0687,-1.14%,5.9900,-0.15%
24,515350,民生加银沪深300ETF行情,指数型-股票,5.8889,1.4639,5.9558,1.4805,-0.0669,-1.12%,5.8890,0.00%
25,510130,中盘ETF行情,指数型-股票,5.8773,2.0215,5.9437,2.0443,-0.0664,-1.12%,5.8510,0.45%
26,510220,华泰柏瑞上证中小盘ETF行情,指数型-股票,5.8652,1.6137,5.9156,1.6275,-0.0504,-0.85%,5.8030,1.06%
27,159916,深F60ETF行情,指数型-股票,5.6854,3.0976,5.7343,3.1243,-0.0489,-0.85%,5.6640,0.38%
28,515830,工银瑞信中证800ETF行情,指数型-股票,5.5110,1.1014,5.5673,1.1126,-0.0563,-1.01%,5.5060,0.09%
29,515660,国联安沪深300ETF行情,指数型-股票,5.4924,1.4186,5.5551,1.4348,-0.0627,-1.13%,5.4900,0.04%
30,510390,平安沪深300ETF行情,指数型-股票,5.3325,1.3414,5.3940,1.3561,-0.0615,-1.14%,5.3390,-0.12%
31,515380,泰康沪深300ETF行情,指数型-股票,5.2590,1.2811,5.3201,1.2960,-0.0611,-1.15%,5.2580,0.02%
32,510350,工银瑞信沪深300ETF行情,指数型-股票,5.1738,1.3569,5.2326,1.3723,-0.0588,-1.12%,5.1710,0.05%
33,510330,华夏沪深300ETF行情,指数型-股票,5.1418,2.3381,5.2011,2.3624,-0.0593,-1.14%,5.1400,0.04%
34,510300,华泰柏瑞沪深300ETF行情,指数型-股票,5.1415,2.0782,5.2012,2.1004,-0.0597,-1.15%,5.1390,0.05%
35,159919,嘉实沪深300ETF行情,指数型-股票,5.1308,2.2427,5.1901,2.2678,-0.0593,-1.14%,5.1240,0.13%
36,512600,嘉实中证主要消费ETF行情,指数型-股票,4.9428,4.9428,4.9361,4.9361,0.0067,0.14%,4.9520,-0.19%
37,159902,华夏中小企业100ETF行情,指数型-股票,4.8550,4.9750,4.9210,5.0410,-0.0660,-1.34%,4.8510,0.08%
38,510120,海富通上证非周期ETF行情,指数型-股票,4.4660,1.8810,4.5010,1.8960,-0.0350,-0.78%,4.3990,1.50%
39,510180,华安上证180ETF行情,指数型-股票,4.1412,4.4003,4.1994,4.4545,-0.0582,-1.39%,4.1440,-0.07%
40,510190,华安上证龙头ETF行情,指数型-股票,4.1080,1.5740,4.1540,1.5920,-0.0460,-1.11%,4.1050,0.07%
41,510710,博时上证50ETF行情,指数型-股票,4.0893,1.2642,4.1532,1.2839,-0.0639,-1.54%,4.0860,0.08%
42,159901,易方达深证100ETF行情,指数型-股票,4.0801,7.8619,4.1120,7.9225,-0.0319,-0.78%,4.0730,0.17%
43,510110,海富通上证周期ETF行情,指数型-股票,4.0260,1.6160,4.1070,1.6480,-0.0810,-1.97%,4.0700,-1.09%
44,510600,申万菱信上证50ETF行情,指数型-股票,3.8699,1.5768,3.9291,1.6010,-0.0592,-1.51%,3.8690,0.02%
45,518890,中银上海金ETF行情,商品（不含QDII）,3.7720,0.9077,3.7637,0.9057,0.0083,0.22%,3.7680,0.11%
46,518860,建信上海金ETF行情,商品（不含QDII）,3.7486,0.8908,3.7401,0.8888,0.0085,0.23%,3.7300,0.50%
47,518850,华夏黄金ETF行情,商品（不含QDII）,3.7430,0.9635,3.7347,0.9614,0.0083,0.22%,3.7380,0.13%
48,518600,广发上海金ETF行情,商品（不含QDII）,3.7420,0.9166,3.7337,0.9145,0.0083,0.22%,3.7260,0.43%
49,518660,工银瑞信黄金ETF行情,商品（不含QDII）,3.7411,0.9695,3.7329,0.9674,0.0082,0.22%,3.7410,0.00%
50,159812,前海开源黄金ETF行情,商品（不含QDII）,3.7404,0.9625,3.7322,0.9604,0.0082,0.22%,3.7380,0.06%
51,518680,富国上海金ETF行情,商品（不含QDII）,3.7399,0.9338,3.7317,0.9317,0.0082,0.22%,3.7340,0.16%
52,510660,华夏医药ETF行情,指数型-股票,3.7325,3.7325,3.7125,3.7125,0.0200,0.54%,3.7320,0.01%
53,159948,南方创业板ETF行情,指数型-股票,3.7081,1.8222,3.7360,1.8359,-0.0279,-0.75%,3.7080,0.00%
54,518880,华安黄金易ETF行情,商品（不含QDII）,3.6966,1.3959,3.6884,1.3928,0.0082,0.22%,3.6920,0.12%
55,159937,博时黄金ETF行情,商品（不含QDII）,3.6957,1.4511,3.6874,1.4479,0.0083,0.23%,3.6920,0.10%
56,159934,易方达黄金ETF行情,商品（不含QDII）,3.6655,1.4933,3.6574,1.4900,0.0081,0.22%,3.6600,0.15%
57,518800,国泰黄金ETF行情,商品（不含QDII）,3.6604,1.3846,3.6523,1.3816,0.0081,0.22%,3.6590,0.04%
58,512500,华夏中证500ETF行情,指数型-股票,3.6049,0.7891,3.6362,0.7959,-0.0313,-0.86%,3.6120,-0.20%
59,515530,泰康中证500ETF行情,指数型-股票,3.5388,1.1058,3.5686,1.1151,-0.0298,-0.84%,3.5410,-0.06%
60,159977,天弘创业板ETF行情,指数型-股票,3.5235,2.0780,3.5501,2.0936,-0.0266,-0.75%,3.5250,-0.04%
61,510020,博时上证超大盘ETF行情,指数型-股票,3.5146,1.2963,3.5752,1.3186,-0.0606,-1.70%,3.5540,-1.12%
62,510850,工银瑞信上证50ETF行情,指数型-股票,3.4482,1.4381,3.5016,1.4604,-0.0534,-1.53%,3.4480,0.01%
63,159915,易方达创业板ETF行情,指数型-股票,3.3813,3.8736,3.4068,3.9028,-0.0255,-0.75%,3.3820,-0.02%
64,510050,华夏上证50ETF行情,指数型-股票,3.3710,4.6360,3.4240,4.6990,-0.0530,-1.55%,3.3680,0.09%
65,510680,万家上证50ETF行情,指数型-股票,3.1721,3.1721,3.2208,3.2208,-0.0487,-1.51%,3.1700,0.07%
66,159908,博时创业板ETF行情,指数型-股票,3.1002,3.1002,3.1234,3.1234,-0.0232,-0.74%,3.1000,0.01%
67,510170,国联安上证商品ETF行情,指数型-股票,3.0730,0.9530,3.0940,0.9600,-0.0210,-0.68%,3.0650,0.26%
68,515700,平安中证新能源汽车产业ETF行情,指数型-股票,3.0179,3.0179,3.1635,3.1635,-0.1456,-4.60%,3.0140,0.13%
69,159806,国泰中证新能源汽车ETF行情,指数型-股票,3.0048,3.0048,3.1466,3.1466,-0.1418,-4.51%,3.0020,0.09%
70,510880,华泰柏瑞上证红利ETF行情,指数型-股票,2.8557,2.4846,2.8525,2.4825,0.0032,0.11%,2.8540,0.06%
71,513660,华夏沪港通恒生ETF行情,QDII,2.6558,1.3788,2.6711,1.3868,-0.0153,-0.57%,2.6430,0.48%
72,513600,南方恒指ETF行情,QDII,2.6214,1.3596,2.6379,1.3681,-0.0165,-0.63%,2.6180,0.13%
73,159929,汇添富中证医药卫生ETF行情,指数型-股票,2.5466,2.5466,2.5305,2.5305,0.0161,0.64%,2.5450,0.06%
74,159905,工银深证红利ETF行情,指数型-股票,2.5219,2.5219,2.5389,2.5389,-0.0170,-0.67%,2.5170,0.19%
75,159910,嘉实深证基本面120ETF行情,指数型-股票,2.4947,2.4947,2.5154,2.5154,-0.0207,-0.82%,2.4830,0.47%
76,512120,华安中证细分医药ETF行情,指数型-股票,2.4430,2.4430,2.4250,2.4250,0.0180,0.74%,2.4420,0.04%
77,159925,南方沪深300ETF行情,指数型-股票,2.4228,2.1241,2.4508,2.1487,-0.0280,-1.14%,2.4220,0.03%
78,512770,华夏战略新兴成指ETF行情,指数型-股票,2.4153,2.4153,2.4344,2.4344,-0.0191,-0.78%,2.4090,0.26%
79,510090,建信责任ETF行情,指数型-股票,2.4070,2.8715,2.4393,2.9100,-0.0323,-1.32%,2.4410,-1.41%
80,159933,国投瑞银金融地产ETF行情,指数型-股票,2.4011,2.4011,2.4431,2.4431,-0.0420,-1.72%,2.3960,0.21%
81,159961,方正富邦深证100ETF行情,指数型-股票,2.3862,2.3862,2.4046,2.4046,-0.0184,-0.77%,2.3890,-0.12%
82,159913,交银深证300价值ETF行情,指数型-股票,2.3750,2.3750,2.3910,2.3910,-0.0160,-0.67%,2.3990,-1.01%
83,159971,富国创业板ETF行情,指数型-股票,2.3605,2.3605,2.3778,2.3778,-0.0173,-0.73%,2.3600,0.02%
84,515030,华夏中证新能源汽车ETF行情,指数型-股票,2.3479,2.3479,2.4596,2.4596,-0.1117,-4.54%,2.3490,-0.05%
85,510310,易方达沪深300发起式ETF行情,指数型-股票,2.3434,2.3434,2.3704,2.3704,-0.0270,-1.14%,2.3410,0.10%
86,512610,嘉实中证医药卫生ETF行情,指数型-股票,2.3429,2.3429,2.3282,2.3282,0.0147,0.63%,2.3330,0.42%
87,159938,广发中证全指医药卫生ETF行情,指数型-股票,2.2628,2.2628,2.2431,2.2431,0.0197,0.88%,2.2580,0.21%
88,159923,大成中证100ETF行情,指数型-股票,2.2110,2.2110,2.2350,2.2350,-0.0240,-1.07%,2.2140,-0.14%
89,159918,嘉实中创400ETF行情,指数型-股票,2.1735,2.1735,2.2062,2.2062,-0.0327,-1.48%,2.1750,-0.07%
90,510440,大成中证500沪市ETF行情,指数型-股票,2.1720,2.1720,2.1860,2.1860,-0.0140,-0.64%,2.1540,0.83%
91,159957,华夏创业板ETF行情,指数型-股票,2.1687,2.1687,2.1851,2.1851,-0.0164,-0.75%,2.1670,0.08%
92,515200,申万菱信中证研发创新100ETF行情,指数型-股票,2.1612,2.1612,2.1891,2.1891,-0.0279,-1.27%,2.1610,0.01%
93,512070,易方达沪深300非银ETF行情,指数型-股票,2.1428,2.1428,2.1828,2.1828,-0.0400,-1.83%,2.1430,-0.01%
94,159964,平安创业板ETF行情,指数型-股票,2.1358,2.1358,2.1516,2.1516,-0.0158,-0.73%,2.1170,0.88%
95,510290,南方上证380ETF行情,指数型-股票,2.1253,2.1253,2.1341,2.1341,-0.0088,-0.41%,2.1290,-0.17%
96,510650,上证金融地产发起式ETF行情,指数型-股票,2.1030,2.1030,2.1446,2.1446,-0.0416,-1.94%,2.1000,0.14%
97,159935,景顺长城中证500ETF行情,指数型-股票,2.0736,2.0736,2.0914,2.0914,-0.0178,-0.85%,2.0890,-0.74%
98,159912,汇添富深证300ETF行情,指数型-股票,2.0678,2.0678,2.0859,2.0859,-0.0181,-0.87%,2.0550,0.62%
99,159956,建信创业板ETF行情,指数型-股票,2.0639,2.0639,2.0790,2.0790,-0.0151,-0.73%,2.0500,0.67%
100,510510,广发中证500ETF行情,指数型-股票,2.0536,2.0536,2.0716,2.0716,-0.0180,-0.87%,2.0540,-0.02%
101,510060,工银上证央企ETF行情,指数型-股票,2.0496,1.3110,2.0788,1.3297,-0.0292,-1.40%,2.0620,-0.60%
102,159952,广发创业板ETF行情,指数型-股票,2.0370,2.0370,2.0521,2.0521,-0.0151,-0.74%,2.0360,0.05%
103,512640,嘉实中证金融地产ETF行情,指数型-股票,2.0262,2.0262,2.0610,2.0610,-0.0348,-1.69%,2.0620,-1.77%
104,159958,工银瑞信创业板ETF行情,指数型-股票,2.0249,2.0249,2.0403,2.0403,-0.0154,-0.75%,2.0260,-0.05%
105,159936,广发中证全指可选消费ETF行情,指数型-股票,2.0099,2.0099,2.0470,2.0470,-0.0371,-1.81%,2.0030,0.34%
106,512290,国泰中证生物医药ETF行情,指数型-股票,2.0031,2.0031,1.9891,1.9891,0.0140,0.70%,2.0030,0.00%
107,512870,南华中证杭州湾区ETF行情,指数型-股票,1.9825,1.9825,1.9963,1.9963,-0.0138,-0.69%,1.9740,0.43%
108,159973,弘毅远方民企领先100ETF行情,指数型-股票,1.9741,1.9741,1.9994,1.9994,-0.0253,-1.27%,1.9610,0.66%
109,159907,广发中小企业300ETF行情,指数型-股票,1.9436,1.7659,1.9696,1.7895,-0.0260,-1.32%,1.9290,0.75%
110,159932,大成中证500深市ETF行情,指数型-股票,1.9240,1.6300,1.9430,1.6460,-0.0190,-0.98%,1.9250,-0.05%
111,159955,嘉实创业板ETF行情,指数型-股票,1.8837,1.8837,1.8981,1.8981,-0.0144,-0.76%,1.8790,0.25%
112,512920,新华MSCI中国A股国际ETF行情,指数型-股票,1.8759,1.8759,1.8948,1.8948,-0.0189,-1.00%,1.8800,-0.22%
113,512990,华夏MSCIA股国际通ETF行情,指数型-股票,1.8586,1.8586,1.8777,1.8777,-0.0191,-1.02%,1.8590,-0.02%
114,515950,富国中证医药50ETF行情,指数型-股票,1.8570,1.8570,1.8449,1.8449,0.0121,0.66%,1.8520,0.27%
115,159987,银华中证研发创新100ETF行情,指数型-股票,1.8526,1.8526,1.8755,1.8755,-0.0229,-1.22%,1.8500,0.14%
116,512220,景顺中证科技传媒通信150ETF行情,指数型-股票,1.8524,1.8524,1.8637,1.8637,-0.0113,-0.61%,1.8510,0.08%
117,515000,华宝中证科技龙头ETF行情,指数型-股票,1.8491,1.8491,1.8606,1.8606,-0.0115,-0.62%,1.8440,0.28%
118,512150,汇安富时中国A50ETF行情,指数型-股票,1.8316,1.8316,1.8569,1.8569,-0.0253,-1.36%,1.8270,0.25%
119,512670,鹏华中证国防ETF行情,指数型-股票,1.8316,1.8316,1.8708,1.8708,-0.0392,-2.10%,1.8320,-0.02%
120,515580,华泰柏瑞中证科技100ETF行情,指数型-股票,1.8194,1.8194,1.8333,1.8333,-0.0139,-0.76%,1.8160,0.19%
121,512360,平安MSCI中国A股国际ETF行情,指数型-股票,1.8013,1.8013,1.8194,1.8194,-0.0181,-0.99%,1.7970,0.24%
122,512090,易方达MSCI中国A股ETF行情,指数型-股票,1.7862,1.7862,1.8042,1.8042,-0.0180,-1.00%,1.7850,0.07%
123,512520,华泰MSCI中国A股国际通ETF行情,指数型-股票,1.7620,1.7620,1.7796,1.7796,-0.0176,-0.99%,1.7540,0.45%
124,159969,银华深证100ETF行情,指数型-股票,1.7569,1.7569,1.7703,1.7703,-0.0134,-0.76%,1.7550,0.11%
125,510360,广发沪深300ETF行情,指数型-股票,1.7494,1.7494,1.7696,1.7696,-0.0202,-1.14%,1.7490,0.02%
126,512160,南方MSCI中国A股国际通ETF行情,指数型-股票,1.7404,1.7404,1.7579,1.7579,-0.0175,-1.00%,1.7400,0.02%
127,159903,南方深证成份ETF行情,指数型-股票,1.7341,1.2795,1.7492,1.2907,-0.0151,-0.86%,1.7440,-0.57%
128,159962,华夏中证四川国改ETF行情,指数型-股票,1.7338,1.7338,1.7505,1.7505,-0.0167,-0.95%,1.7360,-0.13%
129,512510,华泰柏瑞中证500ETF行情,指数型-股票,1.7174,0.8658,1.7320,0.8730,-0.0146,-0.84%,1.7190,-0.09%
130,512280,景顺MSCI中国A股ETF行情,指数型-股票,1.7163,1.7163,1.7332,1.7332,-0.0169,-0.98%,1.7150,0.08%
131,512190,浙商之江凤凰ETF行情,指数型-股票,1.6963,1.6963,1.6971,1.6971,-0.0008,-0.05%,1.6900,0.37%
132,512550,嘉实富时中国A50ETF行情,指数型-股票,1.6928,1.6928,1.7168,1.7168,-0.0240,-1.40%,1.6970,-0.25%
133,510550,方正富邦中证500ETF行情,指数型-股票,1.6876,1.6876,1.7019,1.7019,-0.0143,-0.84%,1.6900,-0.14%
134,159906,大成深证成长40ETF行情,指数型-股票,1.6710,1.6710,1.6710,1.6710,0.0000,0.00%,1.6710,0.00%
135,512040,富国中证价值ETF行情,指数型-股票,1.6694,1.6694,1.6834,1.6834,-0.0140,-0.83%,1.6700,-0.04%
136,515220,国泰中证煤炭ETF行情,指数型-股票,1.6611,1.6611,1.6464,1.6464,0.0147,0.89%,1.6610,0.01%
137,512930,平安人工智能ETF行情,指数型-股票,1.6609,1.6609,1.6894,1.6894,-0.0285,-1.69%,1.6570,0.23%
138,159931,汇添富中证金融地产ETF行情,指数型-股票,1.6583,1.6583,1.6870,1.6870,-0.0287,-1.70%,1.6660,-0.46%
139,515210,国泰中证钢铁ETF行情,指数型-股票,1.6332,1.6332,1.6604,1.6604,-0.0272,-1.64%,1.6350,-0.11%
140,512180,建信MSCI中国A股国际通ETF行情,指数型-股票,1.6282,1.6282,1.6434,1.6434,-0.0152,-0.92%,1.6230,0.32%
141,512580,广发中证环保ETF行情,指数型-股票,1.6159,1.6159,1.6617,1.6617,-0.0458,-2.76%,1.6130,0.18%
142,588000,华夏上证科创板50成份ETF行情,指数型-股票,1.6141,1.1210,1.6494,1.1455,-0.0353,-2.14%,1.6160,-0.12%
143,588090,华泰柏瑞上证科创板50成份ETF行情,指数型-股票,1.6099,1.1242,1.6451,1.1488,-0.0352,-2.14%,1.6120,-0.13%
144,515650,富国中证消费50ETF行情,指数型-股票,1.6008,1.6008,1.6048,1.6048,-0.0040,-0.25%,1.6010,-0.01%
145,515780,浦银安盛MSCI中国A股ETF行情,指数型-股票,1.5979,1.5979,1.6132,1.6132,-0.0153,-0.95%,1.5980,-0.01%
146,588080,易方达上证科创板50成份ETF行情,指数型-股票,1.5947,1.1173,1.6296,1.1417,-0.0349,-2.14%,1.5990,-0.27%
147,588050,工银上证科创50成份ETF行情,指数型-股票,1.5932,1.1102,1.6278,1.1343,-0.0346,-2.13%,1.5970,-0.24%
148,515750,富国中证科技50策略ETF行情,指数型-股票,1.5760,1.5760,1.5934,1.5934,-0.0174,-1.09%,1.5760,0.00%
149,515860,嘉实新兴科技100ETF行情,指数型-股票,1.5593,1.5593,1.5604,1.5604,-0.0011,-0.07%,1.5540,0.34%
150,512380,银华MSCI中国A股ETF行情,指数型-股票,1.5574,1.5574,1.5726,1.5726,-0.0152,-0.97%,1.5580,-0.04%
151,159949,华安创业板50ETF行情,指数型-股票,1.5488,1.5488,1.5593,1.5593,-0.0105,-0.67%,1.5470,0.12%
152,159995,华夏国证半导体芯片ETF行情,指数型-股票,1.5485,1.5485,1.5656,1.5656,-0.0171,-1.09%,1.5470,0.10%
153,159982,鹏华中证500ETF行情,指数型-股票,1.5414,1.5414,1.5540,1.5540,-0.0126,-0.81%,1.5440,-0.17%
154,159801,广发国证半导体芯片ETF行情,指数型-股票,1.5351,1.5351,1.5529,1.5529,-0.0178,-1.15%,1.5360,-0.06%
155,510560,国寿安保中证500ETF行情,指数型-股票,1.5227,0.7051,1.5358,0.7111,-0.0131,-0.85%,1.5180,0.31%
156,159986,弘毅远方国证消费100ETF行情,指数型-股票,1.5165,1.5165,1.5266,1.5266,-0.0101,-0.66%,1.5100,0.43%
157,515590,前海开源中证500等权ETF行情,指数型-股票,1.5099,1.5099,1.5204,1.5204,-0.0105,-0.69%,1.5080,0.13%
158,159992,银华中证创新药产业ETF行情,指数型-股票,1.5094,1.5094,1.4979,1.4979,0.0115,0.77%,1.5080,0.09%
159,512720,国泰中证计算机ETF行情,指数型-股票,1.5087,1.5087,1.5257,1.5257,-0.0170,-1.11%,1.5090,-0.02%
160,515160,招商MSCI中国A股国际通ETF行情,指数型-股票,1.5006,1.5006,1.5150,1.5150,-0.0144,-0.95%,1.4990,0.11%
161,512390,平安MSCI中国A股ETF行情,指数型-股票,1.4984,1.4984,1.5087,1.5087,-0.0103,-0.68%,1.5310,-2.18%
162,159939,广发中证全指信息技术ETF行情,指数型-股票,1.4930,1.4930,1.5028,1.5028,-0.0098,-0.65%,1.4890,0.27%
163,512260,华安中证低波动ETF行情,指数型-股票,1.4928,1.4928,1.4996,1.4996,-0.0068,-0.45%,1.4910,0.12%
164,515130,博时沪深300ETF行情,指数型-股票,1.4864,1.4864,1.5032,1.5032,-0.0168,-1.12%,1.4840,0.16%
165,159965,中融央视财经50ETF行情,指数型-股票,1.4857,1.4857,1.5067,1.5067,-0.0210,-1.39%,1.4840,0.11%
166,512970,平安粤港澳大湾区ETF行情,指数型-股票,1.4853,1.4853,1.5107,1.5107,-0.0254,-1.68%,1.4790,0.42%
167,512890,华泰柏瑞中证低波动ETF行情,指数型-股票,1.4819,1.4819,1.4812,1.4812,0.0007,0.05%,1.4910,-0.61%
168,512760,国泰CES半导体芯片ETF行情,指数型-股票,1.4803,2.9606,1.4965,2.9930,-0.0162,-1.08%,1.4800,0.02%
169,159824,博时新能源汽车ETF行情,指数型-股票,1.4743,1.4743,1.5440,1.5440,-0.0697,-4.51%,1.4750,-0.05%
170,512590,浦银安盛中证高股息ETF行情,指数型-股票,1.4654,1.4654,1.4619,1.4619,0.0035,0.24%,1.4620,0.23%
171,515510,嘉实中证500成长估值ETF行情,指数型-股票,1.4628,1.4628,1.4712,1.4712,-0.0084,-0.57%,1.4680,-0.36%
172,159920,华夏恒生ETF(QDII)行情,QDII,1.4616,1.5376,1.4695,1.5455,-0.0079,-0.54%,1.4560,0.38%
173,515810,易方达中证800ETF行情,指数型-股票,1.4613,1.4613,1.4765,1.4765,-0.0152,-1.03%,1.4600,0.09%
174,159813,鹏华国证半导体芯片ETF行情,指数型-股票,1.4594,1.4594,1.4758,1.4758,-0.0164,-1.11%,1.4580,0.10%
175,516090,易方达中证新能源ETF行情,指数型-股票,1.4554,1.4554,1.5038,1.5038,-0.0484,-3.22%,1.4610,-0.38%
176,510010,交银上证180公司治理ETF行情,指数型-股票,1.4550,1.6200,1.4770,1.6440,-0.0220,-1.49%,1.4530,0.14%
177,516850,华夏中证新能源ETF行情,指数型-股票,1.4479,1.4479,1.4963,1.4963,-0.0484,-3.23%,1.4500,-0.15%
178,510630,华夏消费ETF行情,指数型-股票,1.4470,5.7880,1.4351,5.7404,0.0119,0.83%,1.4460,0.07%
179,512910,广发中证100ETF行情,指数型-股票,1.4447,1.4447,1.4599,1.4599,-0.0152,-1.04%,1.4430,0.12%
180,515960,嘉实医药健康100ETF行情,指数型-股票,1.4445,1.4445,1.4344,1.4344,0.0101,0.70%,1.4460,-0.10%
181,516660,华安中证新能源汽车ETF行情,指数型-股票,1.4380,1.4380,1.5055,1.5055,-0.0675,-4.48%,1.4370,0.07%
182,159885,鹏华中证内地低碳经济主题ETF行情,指数型-股票,1.4283,1.4283,1.4626,1.4626,-0.0343,-2.35%,1.4260,0.16%
183,159983,华夏粤港澳大湾区创新100ETF行情,指数型-股票,1.4250,1.4250,1.4437,1.4437,-0.0187,-1.30%,1.4230,0.14%
184,515550,中融中证500ETF行情,指数型-股票,1.4229,1.4229,1.4356,1.4356,-0.0127,-0.88%,1.4340,-0.78%
185,515080,招商中证红利ETF行情,指数型-股票,1.4123,1.5023,1.4202,1.5102,-0.0079,-0.56%,1.4160,-0.26%
186,515770,上投摩根MSCI中国A股ETF行情,指数型-股票,1.4064,1.4064,1.4201,1.4201,-0.0137,-0.96%,1.4050,0.10%
187,159996,国泰中证全指家电ETF行情,指数型-股票,1.4062,1.4062,1.4173,1.4173,-0.0111,-0.78%,1.4070,-0.06%
188,515820,富国中证800ETF行情,指数型-股票,1.4046,1.4046,1.4198,1.4198,-0.0152,-1.07%,1.4070,-0.17%
189,516590,易方达中证智能电动汽车ETF行情,指数型-股票,1.3938,1.3938,1.4438,1.4438,-0.0500,-3.46%,1.3950,-0.09%
190,515790,华泰柏瑞中证光伏产业ETF行情,指数型-股票,1.3885,1.3885,1.4223,1.4223,-0.0338,-2.38%,1.3850,0.25%
191,515090,博时可持续发展100ETF行情,指数型-股票,1.3875,1.3875,1.4013,1.4013,-0.0138,-0.98%,1.3880,-0.04%
192,510800,建信上证50ETF行情,指数型-股票,1.3862,1.3862,1.4076,1.4076,-0.0214,-1.52%,1.3850,0.09%
193,159810,浦银安盛创业板ETF行情,指数型-股票,1.3767,1.3767,1.3871,1.3871,-0.0104,-0.75%,1.3770,-0.02%
194,512690,鹏华中证酒ETF行情,指数型-股票,1.3764,2.7528,1.3701,2.7402,0.0063,0.46%,1.3740,0.17%
195,159861,国泰中证环保产业50ETF行情,指数型-股票,1.3712,1.3712,1.4073,1.4073,-0.0361,-2.57%,1.3710,0.01%
196,515190,中银证券中证500ETF行情,指数型-股票,1.3705,1.3705,1.3824,1.3824,-0.0119,-0.86%,1.3510,1.42%
197,159980,大成有色金属期货ETF行情,商品（不含QDII）,1.3627,1.3627,1.3693,1.3693,-0.0066,-0.48%,1.3620,0.05%
198,515310,添富沪深300ETF行情,指数型-股票,1.3617,1.3617,1.3771,1.3771,-0.0154,-1.12%,1.3620,-0.02%
199,159981,建信易盛能源化工期货ETF行情,商品（不含QDII）,1.3605,1.3605,1.3374,1.3374,0.0231,1.73%,1.3660,-0.40%
200,516070,易方达中证内地低碳经济ETF行情,指数型-股票,1.3557,1.3557,1.3881,1.3881,-0.0324,-2.33%,1.3580,-0.17%
201,510380,国寿安保沪深300ETF行情,指数型-股票,1.3547,1.3547,1.3702,1.3702,-0.0155,-1.13%,1.3600,-0.39%
202,159997,天弘中证电子ETF行情,指数型-股票,1.3541,1.3541,1.3592,1.3592,-0.0051,-0.38%,1.3540,0.01%
203,515100,景顺长城红利低波动100ETF行情,指数型-股票,1.3522,1.3522,1.3617,1.3617,-0.0095,-0.70%,1.3520,0.01%
204,515890,博时红利ETF行情,指数型-股票,1.3510,1.3510,1.3585,1.3585,-0.0075,-0.55%,1.3500,0.07%
205,515520,大成MSCI中国A股质优价值100ETF行情,指数型-股票,1.3464,1.3464,1.3552,1.3552,-0.0088,-0.65%,1.3370,0.70%
206,159984,南方粤港澳大湾区ETF行情,指数型-股票,1.3440,1.3440,1.3606,1.3606,-0.0166,-1.22%,1.3460,-0.15%
207,515870,嘉实先进制造100ETF行情,指数型-股票,1.3427,1.3427,1.3564,1.3564,-0.0137,-1.01%,1.3440,-0.10%
208,510270,中银上证国企100ETF行情,指数型-股票,1.3400,1.5640,1.3570,1.5830,-0.0170,-1.25%,1.3380,0.15%
209,516360,华宝新材料ETF行情,指数型-股票,1.3386,1.3386,1.3757,1.3757,-0.0371,-2.70%,1.3380,0.04%
210,159804,国寿安保创精选88ETF行情,指数型-股票,1.3350,1.3350,1.3563,1.3563,-0.0213,-1.57%,1.3320,0.22%
211,510100,易方达上证50ETF行情,指数型-股票,1.3325,1.3325,1.3534,1.3534,-0.0209,-1.54%,1.3330,-0.04%
212,515800,添富中证800ETF行情,指数型-股票,1.3269,1.3269,1.3412,1.3412,-0.0143,-1.07%,1.3270,-0.01%
213,515330,天弘沪深300ETF行情,指数型-股票,1.3266,1.3266,1.3419,1.3419,-0.0153,-1.14%,1.3260,0.05%
214,515390,华安沪深300ETF行情,指数型-股票,1.3204,1.3204,1.3353,1.3353,-0.0149,-1.12%,1.3190,0.11%
215,515990,添富中证国企一带一路ETF行情,指数型-股票,1.3157,1.3157,1.3247,1.3247,-0.0090,-0.68%,1.3100,0.43%
216,159976,工银粤港澳大湾区创新100ETF行情,指数型-股票,1.3149,1.3149,1.3310,1.3310,-0.0161,-1.21%,1.3070,0.60%
217,512650,添富中证长三角ETF行情,指数型-股票,1.3148,1.3148,1.3247,1.3247,-0.0099,-0.75%,1.3120,0.21%
218,159863,鹏华中证光伏产业ETF行情,指数型-股票,1.3112,1.3112,1.3419,1.3419,-0.0307,-2.29%,1.3160,-0.37%
219,159808,融通创业板ETF行情,指数型-股票,1.3093,1.3093,1.3192,1.3192,-0.0099,-0.75%,1.3080,0.10%
220,512560,易方达中证军工ETF行情,指数型-股票,1.3053,1.3053,1.3309,1.3309,-0.0256,-1.92%,1.3070,-0.13%
221,512480,国联安中证半导体ETF行情,指数型-股票,1.3037,2.6074,1.3114,2.6228,-0.0077,-0.59%,1.3030,0.05%
222,159985,华夏饲料豆粕期货ETF行情,商品（不含QDII）,1.3001,1.3001,1.2965,1.2965,0.0036,0.28%,1.2990,0.08%
223,512400,南方中证申万有色金属ETF行情,指数型-股票,1.2996,1.2996,1.3437,1.3437,-0.0441,-3.28%,1.3000,-0.03%
224,515070,华夏中证人工智能主题ETF行情,指数型-股票,1.2989,1.2989,1.3217,1.3217,-0.0228,-1.73%,1.2960,0.22%
225,159821,中银证券创业板ETF行情,指数型-股票,1.2930,1.2930,1.3025,1.3025,-0.0095,-0.73%,1.2810,0.93%
226,159959,银华中证央企结构调整ETF行情,指数型-股票,1.2839,1.2839,1.3002,1.3002,-0.0163,-1.25%,1.2850,-0.09%
227,515670,中银中证100ETF行情,指数型-股票,1.2793,1.2793,1.2927,1.2927,-0.0134,-1.04%,1.2800,-0.05%
228,159978,建信中证沪港深粤港澳大湾区发展主题ETF行情,指数型-股票,1.2787,1.2787,1.2949,1.2949,-0.0162,-1.25%,1.2820,-0.26%
229,159876,华宝有色金属ETF行情,指数型-股票,1.2784,1.2784,1.3182,1.3182,-0.0398,-3.02%,1.2750,0.27%
230,516500,华夏中证生物科技主题ETF行情,指数型-股票,1.2769,1.2769,1.2685,1.2685,0.0084,0.66%,1.2780,-0.09%
231,515690,鹏华中证高股息龙头ETF行情,指数型-股票,1.2761,1.3161,1.2774,1.3174,-0.0013,-0.10%,1.2770,-0.07%
232,159979,广发粤港澳大湾区创新100ETF行情,指数型-股票,1.2742,1.2742,1.2892,1.2892,-0.0150,-1.16%,1.2740,0.02%
233,515110,易方达中证国企一带一路ETF行情,指数型-股票,1.2731,1.2731,1.2822,1.2822,-0.0091,-0.71%,1.2720,0.09%
234,515180,易方达中证红利ETF行情,指数型-股票,1.2726,1.3236,1.2798,1.3308,-0.0072,-0.56%,1.2730,-0.03%
235,515150,富国中证国企一带一路ETF行情,指数型-股票,1.2675,1.2675,1.2765,1.2765,-0.0090,-0.71%,1.2690,-0.12%
236,516390,汇添富中证新能源汽车产业ETF行情,指数型-股票,1.2563,1.2563,1.3171,1.3171,-0.0608,-4.62%,1.2550,0.10%
237,513090,易方达中证香港证券投资ETF行情,指数型-股票,1.2533,1.2533,1.2608,1.2608,-0.0075,-0.59%,1.2480,0.42%
238,159886,富国细分机械设备产业主题ETF行情,指数型-股票,1.2518,1.2518,1.2763,1.2763,-0.0245,-1.92%,1.2520,-0.02%
239,159990,银华巨潮小盘价值ETF行情,指数型-股票,1.2493,1.2493,1.2536,1.2536,-0.0043,-0.34%,1.2470,0.18%
240,515850,富国中证全指证券公司ETF行情,指数型-股票,1.2491,1.2491,1.2622,1.2622,-0.0131,-1.04%,1.2480,0.09%
241,159755,广发国证新能源车电池ETF行情,指数型-股票,1.2431,1.2431,1.3045,1.3045,-0.0614,-4.71%,1.2430,0.01%
242,513000,易方达日经225ETF行情,QDII,1.2430,1.2430,1.2499,1.2499,-0.0069,-0.55%,1.2390,0.32%
243,159871,银华中证有色金属ETF行情,指数型-股票,1.2385,1.2385,1.2774,1.2774,-0.0389,-3.05%,1.2370,0.12%
244,159880,鹏华国证有色金属行业ETF行情,指数型-股票,1.2365,1.2365,1.2756,1.2756,-0.0391,-3.07%,1.2370,-0.04%
245,513520,华夏野村日经225ETF行情,QDII,1.2357,1.2357,1.2411,1.2411,-0.0054,-0.44%,1.2310,0.38%
246,512700,南方中证银行ETF行情,指数型-股票,1.2305,1.3305,1.2515,1.3515,-0.0210,-1.68%,1.2320,-0.12%
247,159944,广发中证全指原材料ETF行情,指数型-股票,1.2269,1.2269,1.2469,1.2469,-0.0200,-1.60%,1.2140,1.05%
248,159873,天弘中证全指医疗保健设备与服务ETF行情,指数型-股票,1.2262,1.2262,1.2137,1.2137,0.0125,1.03%,1.2250,0.10%
249,516160,南方中证新能源ETF行情,指数型-股票,1.2232,1.2232,1.2642,1.2642,-0.0410,-3.24%,1.2230,0.02%
250,159809,博时大湾区ETF行情,指数型-股票,1.2222,1.2222,1.2371,1.2371,-0.0149,-1.20%,1.2090,1.08%
251,159851,华宝中证金融科技主题ETF行情,指数型-股票,1.2179,1.2179,1.2211,1.2211,-0.0032,-0.26%,1.2160,0.16%
252,512950,华夏中证央企ETF行情,指数型-股票,1.2176,1.2176,1.2332,1.2332,-0.0156,-1.27%,1.2180,-0.03%
253,512960,博时央企结构调整ETF行情,指数型-股票,1.2152,1.2152,1.2307,1.2307,-0.0155,-1.26%,1.2160,-0.07%
254,159928,汇添富中证主要消费ETF行情,指数型-股票,1.2150,4.8600,1.2133,4.8532,0.0017,0.14%,1.2170,-0.16%
255,515280,富国中证银行ETF行情,指数型-股票,1.2129,1.2129,1.2332,1.2332,-0.0203,-1.65%,1.2110,0.16%
256,512810,华宝中证军工ETF行情,指数型-股票,1.2121,1.2121,1.2359,1.2359,-0.0238,-1.93%,1.2130,-0.07%
257,159703,天弘中证新材料主题ETF行情,指数型-股票,1.2102,1.2102,1.2426,1.2426,-0.0324,-2.61%,1.2130,-0.23%
258,515570,山西中证红利ETF行情,指数型-股票,1.2034,1.2034,1.2158,1.2158,-0.0124,-1.02%,1.2010,0.20%
259,515980,华富中证人工智能产业ETF行情,指数型-股票,1.2022,1.2022,1.2177,1.2177,-0.0155,-1.27%,1.1980,0.35%
260,159815,招商中证浙江100ETF行情,指数型-股票,1.2012,1.2012,1.2108,1.2108,-0.0096,-0.79%,1.1970,0.35%
261,512350,兴业中证福建50ETF行情,指数型-股票,1.1986,1.1986,1.2111,1.2111,-0.0125,-1.03%,1.2020,-0.28%
262,513800,南方顶峰TOPIX-ETF行情,QDII,1.1985,1.1985,1.2007,1.2007,-0.0022,-0.18%,1.1790,1.63%
263,513880,华安日经225ETF行情,QDII,1.1976,1.1976,1.2052,1.2052,-0.0076,-0.63%,1.1960,0.13%
264,516150,嘉实中证稀土产业ETF行情,指数型-股票,1.1945,1.1945,1.2262,1.2262,-0.0317,-2.59%,1.1930,0.13%
265,516330,华泰柏瑞中证物联网主题ETF行情,指数型-股票,1.1938,1.1938,1.2015,1.2015,-0.0077,-0.64%,1.1950,-0.10%
266,516110,国泰中证800汽车与零部件ETF行情,指数型-股票,1.1931,1.1931,1.2456,1.2456,-0.0525,-4.21%,1.1960,-0.24%
267,515020,华夏中证银行ETF行情,指数型-股票,1.1927,1.1927,1.2127,1.2127,-0.0200,-1.65%,1.1930,-0.03%
268,515450,南方中国A股大盘红利低波50ETF行情,指数型-股票,1.1920,1.1920,1.2015,1.2015,-0.0095,-0.79%,1.1930,-0.08%
269,159811,博时中证5G产业50ETF行情,指数型-股票,1.1894,1.1894,1.1960,1.1960,-0.0066,-0.55%,1.1870,0.20%
270,512820,汇添富中证银行ETF行情,指数型-股票,1.1889,1.1889,1.2088,1.2088,-0.0199,-1.65%,1.1900,-0.09%
271,515010,华夏中证全指证券公司ETF行情,指数型-股票,1.1875,1.1875,1.2000,1.2000,-0.0125,-1.04%,1.1860,0.13%
272,159974,富国央企创新ETF行情,指数型-股票,1.1873,1.1873,1.1998,1.1998,-0.0125,-1.04%,1.1860,0.11%
273,516960,国泰细分机械设备产业主题ETF行情,指数型-股票,1.1841,1.1841,1.2070,1.2070,-0.0229,-1.90%,1.1830,0.09%
274,512530,建信沪深300红利ETF行情,指数型-股票,1.1832,1.1832,1.2025,1.2025,-0.0193,-1.60%,1.1800,0.27%
275,516480,国联安中证新材料主题ETF行情,指数型-股票,1.1799,1.1799,1.2110,1.2110,-0.0311,-2.57%,1.1840,-0.35%
276,159835,建信中证创新药产业ETF行情,指数型-股票,1.1708,1.1708,1.1626,1.1626,0.0082,0.71%,1.1690,0.15%
277,512800,华宝中证银行ETF行情,指数型-股票,1.1706,1.1706,1.1903,1.1903,-0.0197,-1.66%,1.1700,0.05%
278,513060,博时恒生医疗保健(QDII-ETF)行情,QDII,1.1696,1.1696,1.1311,1.1311,0.0385,3.40%,1.1660,0.31%
279,516380,华宝智能电动汽车ETF行情,指数型-股票,1.1681,1.1681,1.2091,1.2091,-0.0410,-3.39%,1.1690,-0.08%
280,515050,华夏中证5G通信主题ETF行情,指数型-股票,1.1680,1.1680,1.1810,1.1810,-0.0130,-1.10%,1.1680,0.00%
281,516800,华宝中证智能制造ETF行情,指数型-股票,1.1661,1.1661,1.1796,1.1796,-0.0135,-1.14%,1.1650,0.09%
282,159888,华夏中证智能汽车主题ETF行情,指数型-股票,1.1655,1.1655,1.1927,1.1927,-0.0272,-2.28%,1.1660,-0.04%
283,512730,鹏华中证银行ETF行情,指数型-股票,1.1651,1.1651,1.1842,1.1842,-0.0191,-1.61%,1.1670,-0.16%
284,515760,华夏中证浙江国资创新发展ETF行情,指数型-股票,1.1612,1.1612,1.1659,1.1659,-0.0047,-0.40%,1.1620,-0.07%
285,159858,南方中证创新药产业ETF行情,指数型-股票,1.1600,1.1600,1.1510,1.1510,0.0090,0.78%,1.1590,0.09%
286,159998,天弘中证计算机ETF行情,指数型-股票,1.1574,1.1574,1.1720,1.1720,-0.0146,-1.25%,1.1550,0.21%
287,516650,华夏细分有色金属产业主题ETF行情,指数型-股票,1.1556,1.1556,1.1912,1.1912,-0.0356,-2.99%,1.1550,0.05%
288,512680,广发中证军工ETF行情,指数型-股票,1.1549,1.1549,1.1780,1.1780,-0.0231,-1.96%,1.1530,0.16%
289,510200,汇安上证证券ETF行情,指数型-股票,1.1521,1.1521,1.1663,1.1663,-0.0142,-1.22%,1.1530,-0.08%
290,516880,银华中证光伏产业ETF行情,指数型-股票,1.1518,1.1518,1.1797,1.1797,-0.0279,-2.37%,1.1500,0.16%
291,516220,国泰中证细分化工产业主题ETF行情,指数型-股票,1.1497,1.1497,1.1632,1.1632,-0.0135,-1.16%,1.1510,-0.11%
292,159881,国泰中证有色金属ETF行情,指数型-股票,1.1494,1.1494,1.1839,1.1839,-0.0345,-2.91%,1.1470,0.21%
293,159702,汇添富中证人工智能主题ETF行情,指数型-股票,1.1487,1.1487,1.1691,1.1691,-0.0204,-1.74%,1.1480,0.06%
294,513900,华安CES港股通ETF行情,指数型-股票,1.1480,1.1480,1.1508,1.1508,-0.0028,-0.24%,1.1420,0.52%
295,515630,鹏华中证800证保ETF行情,指数型-股票,1.1455,1.1455,1.1627,1.1627,-0.0172,-1.48%,1.1440,0.13%
296,516300,华泰柏瑞中证1000ETF行情,指数型-股票,1.1449,1.1449,1.1583,1.1583,-0.0134,-1.16%,1.1430,0.17%
297,159836,天弘创业板300ETF行情,指数型-股票,1.1428,1.1428,1.1543,1.1543,-0.0115,-1.00%,1.1420,0.07%
298,159857,天弘中证光伏产业ETF行情,指数型-股票,1.1426,1.1426,1.1705,1.1705,-0.0279,-2.38%,1.1420,0.05%
299,512330,南方中证500信息技术ETF行情,指数型-股票,1.1405,1.1405,1.1483,1.1483,-0.0078,-0.68%,1.1410,-0.04%
300,515680,嘉实中证央企创新驱动ETF行情,指数型-股票,1.1357,1.1357,1.1478,1.1478,-0.0121,-1.05%,1.1350,0.06%
301,515900,博时央企创新驱动ETF行情,指数型-股票,1.1309,1.1309,1.1429,1.1429,-0.0120,-1.05%,1.1300,0.08%
302,512660,国泰中证军工ETF行情,指数型-股票,1.1302,1.1302,1.1535,1.1535,-0.0233,-2.02%,1.1310,-0.07%
303,512320,工银MSCI中国ETF行情,指数型-股票,1.1282,1.1282,1.1393,1.1393,-0.0111,-0.97%,1.1250,0.28%
304,159890,招商中证云计算ETF行情,指数型-股票,1.1269,1.1269,1.1360,1.1360,-0.0091,-0.80%,1.1270,-0.01%
305,515120,广发中证创新药产业ETF行情,指数型-股票,1.1221,1.1221,1.1134,1.1134,0.0087,0.78%,1.1200,0.19%
306,515500,海富通中证长三角领先ETF行情,指数型-股票,1.1216,1.1216,1.1366,1.1366,-0.0150,-1.32%,1.1190,0.23%
307,515600,广发央企创新ETF行情,指数型-股票,1.1203,1.1203,1.1322,1.1322,-0.0119,-1.05%,1.1180,0.21%
308,159999,永赢中证500ETF行情,指数型-股票,1.1177,1.1177,1.1272,1.1272,-0.0095,-0.84%,1.1180,-0.03%
309,159852,嘉实中证软件服务ETF行情,指数型-股票,1.1164,1.1164,1.1297,1.1297,-0.0133,-1.18%,1.1150,0.13%
310,516780,华泰柏瑞中证稀土产业ETF行情,指数型-股票,1.1157,1.1157,1.1453,1.1453,-0.0296,-2.58%,1.1150,0.06%
311,159828,国泰中证医疗ETF行情,指数型-股票,1.1143,1.1143,1.1019,1.1019,0.0124,1.13%,1.1150,-0.06%
312,159993,鹏华国证证券龙头ETF行情,指数型-股票,1.1138,1.1138,1.1265,1.1265,-0.0127,-1.13%,1.1150,-0.11%
313,516180,平安中证光伏产业ETF行情,指数型-股票,1.1134,1.1134,1.1394,1.1394,-0.0260,-2.28%,1.1120,0.13%
314,516700,华宝大数据ETF行情,指数型-股票,1.1042,1.1042,1.1175,1.1175,-0.0133,-1.19%,1.1020,0.20%
315,516120,富国中证细分化工产业主题ETF行情,指数型-股票,1.1038,1.1038,1.1169,1.1169,-0.0131,-1.17%,1.1020,0.16%
316,510900,易方达恒生国企ETF行情,QDII,1.1014,1.1514,1.1055,1.1555,-0.0041,-0.37%,1.0960,0.49%
317,515230,国泰中证全指软件ETF行情,指数型-股票,1.1008,1.1008,1.1136,1.1136,-0.0128,-1.15%,1.0990,0.16%
318,516510,易方达中证云计算ETF行情,指数型-股票,1.1003,1.1003,1.1102,1.1102,-0.0099,-0.89%,1.0970,0.30%
319,515300,嘉实沪深300红利低波动ETF行情,指数型-股票,1.1001,1.1001,1.1119,1.1119,-0.0118,-1.06%,1.0980,0.19%
320,516020,华宝化工ETF行情,指数型-股票,1.0984,1.0984,1.1115,1.1115,-0.0131,-1.18%,1.0980,0.04%
321,516320,华夏中证装备产业ETF行情,指数型-股票,1.0947,1.0947,1.1165,1.1165,-0.0218,-1.95%,1.0930,0.16%
322,516520,华泰柏瑞中证智能汽车主题ETF行情,指数型-股票,1.0887,1.0887,1.1139,1.1139,-0.0252,-2.26%,1.0840,0.43%
323,512270,华安行业中性低波动ETF行情,指数型-股票,1.0877,1.0877,1.0961,1.0961,-0.0084,-0.77%,1.0990,-1.04%
324,516680,建信中证细分有色金属产业ETF行情,指数型-股票,1.0824,1.0824,1.1162,1.1162,-0.0338,-3.03%,1.0800,0.22%
325,516610,大成中证全指医疗保健设备与服务ETF行情,指数型-股票,1.0761,1.0761,1.0656,1.0656,0.0105,0.99%,1.0740,0.20%
326,159820,天弘中证500ETF行情,指数型-股票,1.0758,1.0758,1.0850,1.0850,-0.0092,-0.85%,1.0770,-0.11%
327,510370,兴业沪深300ETF行情,指数型-股票,1.0749,1.0749,1.0880,1.0880,-0.0131,-1.20%,1.0800,-0.47%
328,159897,建信中证物联网主题ETF行情,指数型-股票,1.0744,1.0744,1.0811,1.0811,-0.0067,-0.62%,1.0760,-0.15%
329,515260,华宝中证电子50ETF行情,指数型-股票,1.0724,1.0724,1.0756,1.0756,-0.0032,-0.30%,1.0700,0.22%
330,515610,中银中证800ETF行情,指数型-股票,1.0715,1.0715,1.0833,1.0833,-0.0118,-1.09%,1.0700,0.14%
331,515250,富国中证智能汽车主题ETF行情,指数型-股票,1.0701,1.0701,1.0951,1.0951,-0.0250,-2.28%,1.0680,0.20%
332,159859,天弘国证生物医药ETF行情,指数型-股票,1.0679,1.0679,1.0549,1.0549,0.0130,1.23%,1.0680,-0.01%
333,516570,易方达中证石化产业ETF行情,指数型-股票,1.0671,1.0671,1.0732,1.0732,-0.0061,-0.57%,1.0660,0.10%
334,513990,招商上证港股通ETF行情,指数型-股票,1.0651,1.0651,1.0684,1.0684,-0.0033,-0.31%,1.0560,0.85%
335,512880,国泰中证全指证券公司ETF行情,指数型-股票,1.0650,1.0650,1.0762,1.0762,-0.0112,-1.04%,1.0640,0.09%
336,510230,国泰上证180金融ETF行情,指数型-股票,1.0627,1.8130,1.0829,1.8417,-0.0202,-1.87%,1.0650,-0.22%
337,159870,鹏华中证细分化工产业ETF行情,指数型-股票,1.0622,1.0622,1.0740,1.0740,-0.0118,-1.10%,1.0600,0.21%
338,512750,嘉实中证锐联基本面ETF行情,指数型-股票,1.0588,1.0588,1.0746,1.0746,-0.0158,-1.47%,1.0590,-0.02%
339,516000,华夏中证大数据产业ETF行情,指数型-股票,1.0569,1.0569,1.0693,1.0693,-0.0124,-1.16%,1.0520,0.46%
340,512900,南方中证全指证券公司ETF行情,指数型-股票,1.0565,1.0565,1.0677,1.0677,-0.0112,-1.05%,1.0570,-0.05%
341,512570,易方达中证全指证券公司ETF行情,指数型-股票,1.0514,1.0514,1.0623,1.0623,-0.0109,-1.03%,1.0530,-0.15%
342,159849,招商中证生物科技主题ETF行情,指数型-股票,1.0491,1.0491,1.0400,1.0400,0.0091,0.88%,1.0470,0.20%
343,510690,兴业上证180金融ETF行情,指数型-股票,1.0478,1.0478,1.0659,1.0659,-0.0181,-1.70%,1.0670,-1.83%
344,512100,南方中证1000ETF行情,指数型-股票,1.0470,1.0470,1.0595,1.0595,-0.0125,-1.18%,1.0460,0.10%
345,515320,华安中证电子50ETF行情,指数型-股票,1.0432,1.0432,1.0456,1.0456,-0.0024,-0.23%,1.0400,0.31%
346,159883,永赢中证全指医疗器械ETF行情,指数型-股票,1.0406,1.0406,1.0277,1.0277,0.0129,1.26%,1.0410,-0.04%
347,159839,汇添富国证生物医药ETF行情,指数型-股票,1.0399,1.0399,1.0269,1.0269,0.0130,1.27%,1.0390,0.09%
348,159951,嘉实中关村A股ETF行情,指数型-股票,1.0383,1.0383,1.0446,1.0446,-0.0063,-0.60%,1.0250,1.28%
349,516080,易方达中证创新药产业ETF行情,指数型-股票,1.0383,1.0383,1.0305,1.0305,0.0078,0.76%,1.0360,0.22%
350,159940,广发中证全指金融地产ETF行情,指数型-股票,1.0370,1.0370,1.0543,1.0543,-0.0173,-1.64%,1.0400,-0.29%
351,159716,华宝深创100ETF行情,指数型-股票,1.0369,1.0369,1.0461,1.0461,-0.0092,-0.88%,1.0350,0.18%
352,515290,天弘中证银行ETF行情,指数型-股票,1.0361,1.0361,1.0537,1.0537,-0.0176,-1.67%,1.0350,0.11%
353,159747,南方中证香港科技ETF(QDII)行情,QDII,1.0353,1.0353,1.0232,1.0232,0.0121,1.18%,1.0220,1.28%
354,159721,永赢深证创新100ETF行情,指数型-股票,1.0352,1.0352,1.0445,1.0445,-0.0093,-0.89%,1.0320,0.31%
355,516200,华安中证全指证券公司ETF行情,指数型-股票,1.0333,1.0333,1.0435,1.0435,-0.0102,-0.98%,1.0340,-0.07%
356,515880,国泰中证全指通信设备ETF行情,指数型-股票,1.0325,1.0325,1.0481,1.0481,-0.0156,-1.49%,1.0320,0.05%
357,516060,工银瑞信中证创新药产业ETF行情,指数型-股票,1.0314,1.0314,1.0235,1.0235,0.0079,0.77%,1.0290,0.23%
358,510570,兴业中证500ETF行情,指数型-股票,1.0310,1.0310,1.0398,1.0398,-0.0088,-0.85%,1.0350,-0.39%
359,510760,国泰上证综合交易ETF行情,指数型-股票,1.0305,1.0305,1.0426,1.0426,-0.0121,-1.16%,1.0320,-0.15%
360,516910,富国中证现代物流ETF行情,指数型-股票,1.0282,1.0282,1.0335,1.0335,-0.0053,-0.51%,1.0260,0.21%
361,159988,平安中债-0-5年地方债ETF行情,债券型-长债,1.0200,1.0200,1.0200,1.0200,0.0000,0.00%,1.0170,0.29%
362,159899,招商中证全指软件ETF行情,指数型-股票,1.0198,1.0198,1.0319,1.0319,-0.0121,-1.17%,1.0210,-0.12%
363,512000,华宝券商ETF行情,指数型-股票,1.0195,1.0195,1.0303,1.0303,-0.0108,-1.05%,1.0200,-0.05%
364,159819,易方达中证人工智能主题ETF行情,指数型-股票,1.0156,1.0156,1.0333,1.0333,-0.0177,-1.71%,1.0120,0.35%
365,159805,鹏华中证传媒ETF行情,指数型-股票,1.0134,1.0134,1.0246,1.0246,-0.0112,-1.09%,1.0140,-0.06%
366,159837,易方达中证生物科技主题ETF行情,指数型-股票,1.0130,1.0130,1.0044,1.0044,0.0086,0.86%,1.0110,0.20%
367,515400,富国中证大数据产业ETF行情,指数型-股票,1.0125,1.0125,1.0248,1.0248,-0.0123,-1.20%,1.0060,0.64%
368,516970,广发中证基建工程ETF行情,指数型-股票,1.0082,1.0082,1.0140,1.0140,-0.0058,-0.57%,1.0060,0.22%
369,159709,工银瑞信深证物联网50ETF行情,指数型-股票,1.0080,1.0080,1.0158,1.0158,-0.0078,-0.77%,1.0050,0.30%
370,588380,富国中证科创创业50ETF行情,指数型-股票,1.0054,1.0054,1.0100,1.0100,-0.0046,-0.46%,1.0060,-0.06%
371,515920,博时智能消费ETF行情,指数型-股票,1.0032,1.0032,1.0105,1.0105,-0.0073,-0.72%,1.0000,0.32%
372,588360,国泰中证科创创业50ETF行情,指数型-股票,1.0031,1.0031,1.0064,1.0064,-0.0033,-0.33%,1.0020,0.11%
373,159872,鹏华中证车联网主题ETF行情,指数型-股票,1.0023,1.0023,1.0304,1.0304,-0.0281,-2.73%,1.0030,-0.07%
374,159842,银华中证全指证券公司ETF行情,指数型-股票,1.0015,1.0015,1.0119,1.0119,-0.0104,-1.03%,1.0010,0.05%
375,588180,国联安上证科创板50成份ETF行情,指数型-股票,1.0008,1.0008,1.0222,1.0222,-0.0214,-2.09%,1.0060,-0.52%
376,159847,易方达中证医疗ETF行情,指数型-股票,1.0003,1.0003,---,---,---,---,---,---
377,513550,华泰柏瑞中证港股通50ETF行情,指数型-股票,0.9978,0.9978,1.0033,1.0033,-0.0055,-0.55%,0.9920,0.58%
378,588400,嘉实中证科创创业50ETF行情,指数型-股票,0.9977,0.9977,1.0022,1.0022,-0.0045,-0.45%,1.0000,-0.23%
379,159783,华夏中证科创创业50ETF行情,指数型-股票,0.9964,0.9964,1.0005,1.0005,-0.0041,-0.41%,0.9970,-0.06%
380,159898,招商中证全指医疗器械ETF行情,指数型-股票,0.9963,0.9963,0.9851,0.9851,0.0112,1.14%,0.9950,0.13%
381,517350,广发中证沪港深科技龙头ETF行情,指数型-股票,0.9963,0.9963,0.9959,0.9959,0.0004,0.04%,0.9920,0.43%
382,516900,华安中证申万食品饮料ETF行情,指数型-股票,0.9957,0.9957,0.9916,0.9916,0.0041,0.41%,0.9940,0.17%
383,517170,华夏中证沪港深500ETF行情,指数型-股票,0.9954,0.9954,1.0029,1.0029,-0.0075,-0.75%,0.9920,0.34%
384,561900,招商沪深300ESG基准ETF行情,指数型-股票,0.9952,0.9952,---,---,---,---,---,---
385,517060,华宝中证沪港深500ETF行情,指数型-股票,0.9949,0.9949,1.0013,1.0013,-0.0064,-0.64%,0.9940,0.09%
386,588300,招商中证科创创业50ETF行情,指数型-股票,0.9947,0.9947,0.9993,0.9993,-0.0046,-0.46%,0.9980,-0.33%
387,516870,银华中证800汽车与零部件ETF行情,指数型-股票,0.9936,0.9936,1.0376,1.0376,-0.0440,-4.24%,0.9960,-0.24%
388,517360,华安中证沪港深科技100ETF行情,指数型-股票,0.9933,0.9933,1.0039,1.0039,-0.0106,-1.06%,0.9920,0.13%
389,159780,南方中证科创创业50ETF行情,指数型-股票,0.9917,0.9917,0.9963,0.9963,-0.0046,-0.46%,0.9920,-0.03%
390,516980,华富中证证券公司先锋策略ETF行情,指数型-股票,0.9902,0.9902,1.0003,1.0003,-0.0101,-1.01%,0.9880,0.22%
391,159960,平安港股通恒生中国企业ETF行情,指数型-股票,0.9894,0.9894,0.9950,0.9950,-0.0056,-0.56%,0.9870,0.24%
392,159891,建信中证全指医疗保健设备与服务ETF行情,指数型-股票,0.9883,0.9883,0.9774,0.9774,0.0109,1.12%,0.9900,-0.17%
393,516950,银华中证基建ETF行情,指数型-股票,0.9844,0.9844,0.9980,0.9980,-0.0136,-1.36%,0.9840,0.04%
394,159735,银华中证港股通消费主题ETF行情,指数型-股票,0.9814,0.9814,0.9860,0.9860,-0.0046,-0.47%,0.9760,0.55%
395,159781,易方达中证科创创业50ETF行情,指数型-股票,0.9810,0.9810,0.9852,0.9852,-0.0042,-0.43%,0.9800,0.10%
396,588330,华宝双创龙头ETF行情,指数型-股票,0.9799,0.9799,0.9843,0.9843,-0.0044,-0.45%,0.9810,-0.11%
397,510990,工银瑞信中证180ESGETF行情,指数型-股票,0.9797,0.9797,0.9921,0.9921,-0.0124,-1.25%,0.9780,0.17%
398,159855,银华中证影视主题ETF行情,指数型-股票,0.9790,0.9790,0.9935,0.9935,-0.0145,-1.46%,0.9800,-0.10%
399,516830,富国沪深300ESG基准ETF行情,指数型-股票,0.9779,0.9779,0.9888,0.9888,-0.0109,-1.10%,0.9770,0.09%
400,515060,华夏中证全指房地产ETF行情,指数型-股票,0.9770,0.9770,0.9901,0.9901,-0.0131,-1.32%,0.9780,-0.10%
401,159782,银华中证科创创业50ETF行情,指数型-股票,0.9770,0.9770,0.9813,0.9813,-0.0043,-0.44%,0.9760,0.10%
402,159827,银华中证农业主题ETF行情,指数型-股票,0.9737,0.9737,0.9829,0.9829,-0.0092,-0.94%,0.9710,0.28%
403,516400,富国中证ESG120策略ETF行情,指数型-股票,0.9717,0.9717,0.9824,0.9824,-0.0107,-1.09%,0.9710,0.07%
404,516820,平安医药及医疗器械创新ETF行情,指数型-股票,0.9710,0.9710,0.9619,0.9619,0.0091,0.95%,0.9700,0.10%
405,159742,博时恒生科技ETF(QDII)行情,QDII,0.9694,0.9694,0.9676,0.9676,0.0018,0.19%,0.9680,0.14%
406,516010,国泰中证动漫游戏ETF行情,指数型-股票,0.9694,0.9694,0.9746,0.9746,-0.0052,-0.53%,0.9690,0.04%
407,561500,华泰柏瑞中证企业核心竞争力50ETF行情,指数型-股票,0.9694,0.9694,0.9738,0.9738,-0.0044,-0.45%,---,---
408,159745,国泰中证全指建筑材料ETF行情,指数型-股票,0.9693,0.9693,0.9798,0.9798,-0.0105,-1.07%,0.9690,0.03%
409,510210,上证综指ETF行情,指数型-股票,0.9680,1.6560,0.9790,1.6750,-0.0110,-1.12%,0.9690,-0.10%
410,159823,嘉实恒生中国企业ETF(QDII)行情,QDII,0.9676,0.9676,0.9715,0.9715,-0.0039,-0.40%,0.9650,0.27%
411,513980,景顺长城中证港股通科技ETF行情,指数型-股票,0.9668,0.9668,0.9537,0.9537,0.0131,1.37%,0.9600,0.70%
412,513180,华夏恒生科技ETF(QDII)行情,QDII,0.9659,0.9659,0.9642,0.9642,0.0017,0.18%,0.9620,0.40%
413,159708,西部利得深证红利ETF行情,指数型-股票,0.9637,0.9637,0.9701,0.9701,-0.0064,-0.66%,0.9620,0.18%
414,513860,海富通中证港股通科技ETF行情,指数型-股票,0.9631,0.9631,0.9501,0.9501,0.0130,1.37%,0.9560,0.74%
415,513130,华泰柏瑞南方东英恒生科技(QDII-ETF)行情,QDII,0.9628,0.9628,0.9595,0.9595,0.0033,0.34%,0.9590,0.39%
416,159994,银华中证5G通信主题ETF行情,指数型-股票,0.9615,0.9615,0.9721,0.9721,-0.0106,-1.09%,0.9610,0.05%
417,513010,易方达恒生科技(QDII-ETF)行情,QDII,0.9608,0.9608,0.9589,0.9589,0.0019,0.20%,0.9560,0.50%
418,159725,工银瑞信中证线上消费ETF行情,指数型-股票,0.9607,0.9607,0.9659,0.9659,-0.0052,-0.54%,0.9580,0.28%
419,159869,华夏中证动漫游戏ETF行情,指数型-股票,0.9597,0.9597,0.9654,0.9654,-0.0057,-0.59%,0.9610,-0.14%
420,159740,大成恒生科技ETF(QDII)行情,QDII,0.9597,0.9597,0.9580,0.9580,0.0017,0.18%,0.9540,0.59%
421,159841,天弘中证全指证券公司ETF行情,指数型-股票,0.9582,0.9582,0.9684,0.9684,-0.0102,-1.05%,0.9590,-0.08%
422,513580,华安恒生科技(QDII-ETF)行情,QDII,0.9582,0.9582,0.9565,0.9565,0.0017,0.18%,0.9570,0.13%
423,159843,招商国证食品饮料ETF行情,指数型-股票,0.9570,0.9570,0.9529,0.9529,0.0041,0.43%,0.9570,0.00%
424,516050,工银中证科技龙头ETF行情,指数型-股票,0.9551,0.9551,0.9612,0.9612,-0.0061,-0.63%,0.9540,0.12%
425,159741,嘉实恒生科技ETF(QDII)行情,QDII,0.9532,0.9532,0.9516,0.9516,0.0016,0.17%,0.9510,0.23%
426,515560,建信中证全指证券公司ETF行情,指数型-股票,0.9526,0.9526,0.9625,0.9625,-0.0099,-1.03%,0.9520,0.06%
427,510410,博时上证自然资源ETF行情,指数型-股票,0.9516,0.9516,0.9656,0.9656,-0.0140,-1.45%,0.9520,-0.04%
428,159866,工银瑞信大和日经225ETF(QDII)行情,QDII,0.9501,0.9501,0.9553,0.9553,-0.0052,-0.54%,0.9450,0.54%
429,513690,博时恒生高股息ETF行情,指数型-股票,0.9484,0.9484,0.9591,0.9591,-0.0107,-1.12%,0.9410,0.78%
430,516770,华泰柏瑞中证动漫游戏ETF行情,指数型-股票,0.9482,0.9482,0.9537,0.9537,-0.0055,-0.58%,0.9490,-0.08%
431,159954,南方恒生中国企业ETF行情,QDII,0.9457,0.9457,0.9509,0.9509,-0.0052,-0.55%,0.9420,0.39%
432,159825,富国中证农业主题ETF行情,指数型-股票,0.9455,0.9455,0.9549,0.9549,-0.0094,-0.98%,0.9460,-0.05%
433,512780,广发中证京津冀发展ETF行情,指数型-股票,0.9428,0.9428,0.9587,0.9587,-0.0159,-1.66%,0.9350,0.83%
434,159887,富国中证800银行ETF行情,指数型-股票,0.9391,0.9391,0.9550,0.9550,-0.0159,-1.66%,0.9430,-0.42%
435,516550,嘉实中证大农业ETF行情,指数型-股票,0.9391,0.9391,0.9451,0.9451,-0.0060,-0.63%,0.9390,0.01%
436,510860,兴业上证50ETF行情,指数型-股票,0.9391,0.9391,0.9520,0.9520,-0.0129,-1.36%,0.9500,-1.16%
437,517100,富国中证沪港深500ETF行情,指数型-股票,0.9387,0.9387,0.9457,0.9457,-0.0070,-0.74%,0.9360,0.29%
438,517080,汇添富中证沪港深500ETF行情,指数型-股票,0.9374,0.9374,0.9446,0.9446,-0.0072,-0.76%,0.9330,0.47%
439,515710,华宝中证细分食品饮料主题ETF行情,指数型-股票,0.9371,0.9371,0.9330,0.9330,0.0041,0.44%,0.9360,0.12%
440,517000,银华中证沪港深500ETF行情,指数型-股票,0.9335,0.9335,0.9407,0.9407,-0.0072,-0.77%,0.9300,0.37%
441,513680,建信港股通恒生中国ETF行情,指数型-股票,0.9332,0.9332,0.9385,0.9385,-0.0053,-0.56%,0.9400,-0.73%
442,515910,中金MSCI中国A股国际质量ETF行情,指数型-股票,0.9296,0.9296,0.9244,0.9244,0.0052,0.56%,0.9290,0.06%
443,515170,华夏中证细分食品饮料主题ETF行情,指数型-股票,0.9115,0.9115,0.9075,0.9075,0.0040,0.44%,0.9110,0.05%
444,516310,易方达中证银行ETF行情,指数型-股票,0.9098,0.9098,0.9252,0.9252,-0.0154,-1.66%,0.9100,-0.02%
445,517300,国寿安保中证沪港深300ETF行情,指数型-股票,0.9044,0.9044,0.9129,0.9129,-0.0085,-0.93%,0.9020,0.27%
446,517050,华泰柏瑞中证沪港深互联网ETF行情,指数型-股票,0.9033,0.9033,0.9072,0.9072,-0.0039,-0.43%,0.8990,0.48%
447,512170,华宝中证医疗ETF行情,指数型-股票,0.9023,2.7069,0.8927,2.6781,0.0096,1.08%,0.9030,-0.08%
448,516600,工银瑞信中证消费服务领先ETF行情,指数型-股票,0.8882,0.8882,0.8922,0.8922,-0.0040,-0.45%,0.8870,0.14%
449,159850,华夏恒生中国企业ETF(QDII)行情,QDII,0.8806,0.8806,0.8837,0.8837,-0.0031,-0.35%,0.8780,0.30%
450,517200,嘉实中证沪港深互联网ETF行情,指数型-股票,0.8805,0.8805,0.8843,0.8843,-0.0038,-0.43%,0.8780,0.28%
451,510810,汇添富中证上海国企ETF行情,指数型-股票,0.8749,0.9049,0.8890,0.9190,-0.0141,-1.59%,0.8750,-0.01%
452,159807,易方达中证科技50ETF行情,指数型-股票,0.8708,1.7416,0.8749,1.7498,-0.0041,-0.47%,0.8710,-0.02%
453,159856,工银瑞信中证沪港深互联网ETF行情,指数型-股票,0.8644,0.8644,0.8682,0.8682,-0.0038,-0.44%,0.8590,0.62%
454,516670,招商中证畜牧养殖ETF行情,指数型-股票,0.8507,0.8507,0.8599,0.8599,-0.0092,-1.07%,0.8520,-0.15%
455,159967,华夏创成长ETF行情,指数型-股票,0.8405,3.0581,0.8456,3.0766,-0.0051,-0.60%,0.8380,0.30%
456,516760,平安中证畜牧养殖ETF行情,指数型-股票,0.8390,0.8390,0.8477,0.8477,-0.0087,-1.03%,0.8400,-0.12%
457,159848,国联安中证全指证券公司ETF行情,指数型-股票,0.8321,1.0314,0.8407,1.0420,-0.0086,-1.02%,0.8310,0.13%
458,510150,招商上证消费80ETF行情,指数型-股票,0.8301,3.2830,0.8324,3.2921,-0.0023,-0.28%,0.8310,-0.11%
459,512710,富国中证军工龙头ETF行情,指数型-股票,0.8272,1.6544,0.8435,1.6870,-0.0163,-1.93%,0.8270,0.02%
460,159865,国泰中证畜牧养殖ETF行情,指数型-股票,0.8057,0.8057,0.8143,0.8143,-0.0086,-1.06%,0.8070,-0.16%
461,159909,招商深证TMT50ETF行情,指数型-股票,0.8029,2.4186,0.8083,2.4348,-0.0054,-0.67%,0.8010,0.24%
462,512010,易方达沪深300医药ETF行情,指数型-股票,0.8022,3.2088,0.7965,3.1860,0.0057,0.72%,0.8010,0.15%
463,159867,鹏华中证畜牧养殖ETF行情,指数型-股票,0.7926,0.7926,0.8009,0.8009,-0.0083,-1.04%,0.7930,-0.05%
464,510030,华宝上证180价值ETF行情,指数型-股票,0.7890,2.1610,0.8020,2.1960,-0.0130,-1.62%,0.7880,0.13%
465,512200,南方中证房地产ETF行情,指数型-股票,0.7881,0.7881,0.7986,0.7986,-0.0105,-1.31%,0.7900,-0.24%
466,513330,华夏恒生互联网科技业ETF(QDII)行情,QDII,0.7879,0.7879,0.7876,0.7876,0.0003,0.04%,0.7860,0.24%
467,159975,招商深证100ETF行情,指数型-股票,0.7831,1.7894,0.7890,1.8029,-0.0059,-0.75%,0.7830,0.01%
468,512980,广发中证传媒ETF行情,指数型-股票,0.7685,0.7685,0.7771,0.7771,-0.0086,-1.11%,0.7690,-0.07%
469,159930,汇添富中证能源ETF行情,指数型-股票,0.7623,0.7623,0.7603,0.7603,0.0020,0.26%,0.7610,0.17%
470,159845,华夏中证1000ETF行情,指数型-股票,0.7487,1.1784,0.7576,1.1924,-0.0089,-1.17%,0.7500,-0.17%
471,159991,招商创业板大盘ETF行情,指数型-股票,0.7257,2.0610,0.7304,2.0743,-0.0047,-0.64%,0.7260,-0.04%
472,159945,广发中证全指能源ETF行情,指数型-股票,0.7148,0.7148,0.7136,0.7136,0.0012,0.17%,0.7120,0.39%
473,159966,华夏创蓝筹ETF行情,指数型-股票,0.7063,2.1729,0.7096,2.1831,-0.0033,-0.47%,0.7060,0.04%
474,159814,西部利得创业板大盘ETF行情,指数型-股票,0.7002,1.4417,0.7050,1.4516,-0.0048,-0.68%,0.7000,0.03%
475,510160,中证南方小康产业指数ETF行情,指数型-股票,0.6945,1.7279,0.7053,1.7547,-0.0108,-1.53%,0.7000,-0.79%
476,159922,嘉实中证500ETF行情,指数型-股票,---,---,7.7465,2.1720,---,---,7.6900,---
477,513100,国泰纳斯达克100ETF行情,QDII,---,---,4.9420,4.9420,---,---,4.9380,---
478,513500,博时标普500ETF行情,QDII,---,---,2.6714,2.6714,---,---,2.6710,---
479,513030,华安德国30(DAX)ETF行情,QDII,---,---,1.2550,1.2550,---,---,1.2380,---
480,513050,易方达中概互联50ETF行情,QDII,---,---,1.7940,1.7940,---,---,1.7970,---
481,159941,广发纳斯达克100ETF行情,QDII,---,---,2.9933,2.9933,---,---,2.9880,---
482,159803,易方达中证浙江新动能ETF(QDII)行情,QDII,---,---,1.3783,1.3783,---,---,1.3380,---
483,513080,华安法国CAC40ETF(QDII)行情,QDII,---,---,1.2890,1.2890,---,---,1.2780,---
484,517120,华泰柏瑞中证创新药产业ETF行情,指数型-股票,---,---,---,---,---,---,---,---
485,516890,平安中证新材料主题ETF行情,指数型-股票,---,---,---,---,---,---,---,---
486,159822,银华工银南方东英标普中国新经济ETF(QDII)行情,QDII,---,---,0.9882,0.9882,---,---,0.9800,---
487,513300,华夏纳斯达克100ETF(QDII)行情,QDII,---,---,1.2190,1.2190,---,---,1.2180,---
488,513360,博时全球中国教育(QDII-ETF)行情,QDII,---,---,0.8378,0.8378,---,---,0.8410,---
489,159720,泰康中证智能电动汽车ETF行情,指数型-股票,---,---,---,---,---,---,---,---
490,159729,汇添富中证沪港深互联网ETF行情,指数型-股票,---,---,---,---,---,---,---,---
491,562880,嘉实中证电池主题ETF行情,指数型-股票,---,---,1.0000,1.0000,---,---,---,---
492,513700,鹏华中证港股通医药卫生综合交易ETF行情,指数型-股票,---,---,1.0000,1.0000,---,---,---,---
493,516100,华夏中证金融科技主题ETF行情,指数型-股票,---,---,1.0000,1.0000,---,---,---,---
494,159830,天弘上海金ETF行情,商品（不含QDII）,---,---,---,---,---,---,---,---
