,ts_code,date,open,high,low,close,pre_close,change,pct_chg,vol,amount,ma5,ma_v_5,ma10,ma_v_10,ma20,ma_v_20,ma30,ma_v_30
0,601865.SH,20210519,28.81,29.09,28.1,28.85,28.91,-0.05999999999999872,-0.2075,156624.81,449132.322,27.738,188042.332,26.571,208541.292,26.5505,188498.2765,26.4847,161290.7363
1,601865.SH,20210518,27.76,29.28,27.63,28.91,27.91,1.0,3.5829,225675.12,648209.734,27.2,204889.248,26.53,220765.088,26.361,187356.1765,26.4427,161911.394
2,601865.SH,20210517,26.57,28.01,26.57,27.91,26.34,1.5700000000000003,5.9605,228354.68,629470.037,26.346,185541.348,26.474,234866.34,26.1915,180418.539,26.376,160377.0817
3,601865.SH,20210514,26.75,26.87,25.92,26.34,26.68,-0.33999999999999986,-1.2744,137642.16,361767.025,25.844,183667.144,26.278,221371.5,26.084,172723.1485,26.371,161406.395
4,601865.SH,20210513,26.14,27.09,25.64,26.68,26.16,0.5199999999999996,1.9878,191914.89,512983.762,25.616,196605.458,26.176,218727.457,26.017,170288.552,26.3763,160697.793
5,601865.SH,20210512,24.4,26.56,24.37,26.16,24.64,1.5199999999999996,6.1688,240859.39,625299.414,25.404,229040.252,26.118,214116.35,25.957,167698.809,26.383,158853.678
6,601865.SH,20210511,24.78,24.96,24.21,24.64,25.4,-0.759999999999998,-2.9921,128935.62,316657.493,25.86,236640.928,26.188,203865.96,26.01,160512.202,26.37,153184.8577
7,601865.SH,20210510,25.0,25.65,23.53,25.4,25.2,0.1999999999999993,0.7937,218983.66,538531.151,26.602,284191.332,26.382,206374.016,26.124,158297.219,26.4,152403.7757
8,601865.SH,20210507,25.1,25.92,24.89,25.2,25.62,-0.4200000000000017,-1.6393,202333.73,512904.086,26.712,259075.856,26.412,194300.727,26.2155,153530.3465,26.418,150358.465
9,601865.SH,20210506,27.5,27.5,25.6,25.62,28.44,-2.8200000000000003,-9.9156,354088.86,922172.776,26.736,240849.456,26.505,187409.46,26.3515,149556.388,26.468,147117.4023
10,601865.SH,20210430,28.31,28.61,27.37,28.44,28.35,0.08999999999999986,0.3175,278862.77,784512.7,26.832,199192.448,26.53,168455.261,26.4415,137665.4585,26.505,140285.2413
11,601865.SH,20210429,27.0,28.5,26.03,28.35,25.95,2.400000000000002,9.2486,366687.64,1005474.601,26.516,171090.992,26.192,153947.265,26.399,132484.547,26.4753,134438.2427
12,601865.SH,20210428,25.32,25.99,25.01,25.95,25.32,0.629999999999999,2.4882,93406.28,239583.453,26.162,128556.7,25.909,125970.738,26.327,123132.4525,26.4463,124990.1867
13,601865.SH,20210427,26.09,26.1,25.06,25.32,26.1,-0.7800000000000011,-2.9885,111201.73,282455.486,26.112,129525.598,25.89,124074.797,26.4175,131423.8425,26.482,124604.978
14,601865.SH,20210426,26.59,26.87,26.09,26.1,26.86,-0.759999999999998,-2.8295,145803.82,385320.762,26.274,133969.464,25.858,121849.647,26.4765,131682.961,26.548,124626.482
15,601865.SH,20210423,26.59,27.5,26.43,26.86,26.58,0.28000000000000114,1.0534,138355.49,374034.59,26.228,137718.074,25.796,121281.268,26.5155,131222.342,26.6053,123375.54
16,601865.SH,20210422,25.7,27.04,25.7,26.58,25.7,0.879999999999999,3.4241,154016.18,407528.475,25.868,136803.538,25.832,117158.444,26.461,127844.3065,26.6423,122938.1733
17,601865.SH,20210421,26.04,26.55,25.55,25.7,26.13,-0.4299999999999997,-1.6456,98250.77,253908.039,25.656,123384.776,25.866,110220.422,26.409,125418.6555,26.6543,122199.82
18,601865.SH,20210420,25.87,26.63,25.68,26.13,25.87,0.259999999999998,1.005,133421.06,349643.178,25.668,118623.996,26.019,112759.966,26.421,128387.334,26.677,124931.9243
19,601865.SH,20210419,24.8,25.96,24.6,25.87,25.06,0.8100000000000023,3.2322,164546.87,418925.156,25.442,109729.83,26.198,111703.316,26.4495,126971.3735,26.7347,126753.2473
20,601865.SH,20210416,25.52,25.6,24.58,25.06,25.52,-0.46000000000000085,-1.8025,133782.81,332598.694,25.364,104844.462,26.353,106875.656,26.4925,126200.2315,26.8803,125197.6233
21,601865.SH,20210415,25.72,25.76,25.1,25.52,25.76,-0.240000000000002,-0.9317,86922.37,220281.215,25.796,97513.35,26.606,111021.829,26.617,124683.7315,27.0713,126443.896
22,601865.SH,20210414,25.0,25.85,24.96,25.76,25.0,0.7600000000000016,3.04,74446.87,189839.26,26.076,97056.068,26.745,120294.167,26.715,124499.911,27.311,126703.2863
23,601865.SH,20210413,25.48,25.79,24.98,25.0,25.48,-0.4800000000000004,-1.8838,88950.23,224914.387,26.37,106895.936,26.945,138772.888,26.778,124870.0685,27.5377,127932.73
24,601865.SH,20210412,27.0,27.2,25.36,25.48,27.22,-1.7399999999999984,-6.3924,140120.03,364363.739,26.954,113676.802,27.095,141516.275,26.893,126014.8995,27.8077,128385.8647
25,601865.SH,20210409,27.0,27.5,26.72,27.22,26.92,0.29999999999999716,1.1144,97127.25,263975.016,27.342,108906.85,27.235,141163.416,27.01,124422.676,28.037,127343.23
26,601865.SH,20210408,27.17,27.3,26.78,26.92,27.23,-0.3099999999999987,-1.1385,84635.96,228485.422,27.416,124530.308,27.09,138530.169,27.0475,125828.038,28.2427,128338.6037
27,601865.SH,20210407,28.1,28.11,27.02,27.23,27.92,-0.6900000000000013,-2.4713,123646.21,337116.419,27.414,143532.266,26.952,140616.889,27.0485,128189.519,28.4483,131607.0857
28,601865.SH,20210406,27.43,28.23,27.25,27.92,27.42,0.5,1.8235,122854.56,341832.424,27.52,170649.84,26.823,144014.702,27.006,131017.9035,28.6937,131464.202
29,601865.SH,20210402,27.37,27.76,27.23,27.42,27.59,-0.16999999999999815,-0.6162,116270.27,319758.0,27.236,169355.748,26.701,142239.431,27.003,134278.213,28.9343,132775.9573
30,601865.SH,20210401,26.92,27.85,26.48,27.59,26.91,0.6799999999999997,2.5269,175244.54,477982.487,27.128,173419.982,26.632,145524.807,27.144,134358.607,29.2167,134254.8103
31,601865.SH,20210331,27.72,27.72,26.8,26.91,27.76,-0.8500000000000014,-3.062,179645.75,486068.707,26.764,152530.03,26.628,138345.634,27.304,134154.9295,29.5297,134930.2107
32,601865.SH,20210330,26.45,27.85,26.31,27.76,26.5,1.2600000000000016,4.7547,259234.08,707261.712,26.49,137701.512,26.685,128705.655,27.594,129907.846,29.89,136520.8493
33,601865.SH,20210329,27.28,27.38,26.21,26.5,26.88,-0.379999999999999,-1.4137,116384.1,309039.343,26.126,117379.564,26.611,110967.249,27.834,122512.651,30.1947,136121.743
34,601865.SH,20210326,25.8,27.12,25.8,26.88,25.77,1.1099999999999994,4.3073,136591.44,362946.157,26.166,115123.114,26.691,110513.524,28.164,121820.6595,30.4413,138849.7947
35,601865.SH,20210325,25.53,25.98,25.19,25.77,25.54,0.23000000000000043,0.9005,70794.78,181577.063,26.136,117629.632,26.785,107681.936,28.438,120433.137,30.711,139211.9497
36,601865.SH,20210324,26.11,26.18,25.12,25.54,25.94,-0.40000000000000213,-1.542,105503.16,270031.265,26.492,124161.238,27.005,113125.907,28.819,123242.821,31.027,141285.1957
37,601865.SH,20210323,26.83,26.87,25.54,25.94,26.7,-0.759999999999998,-2.8464,157624.34,411192.0,26.88,119709.798,27.145,115762.149,29.1965,127102.184,31.3487,143726.167
38,601865.SH,20210322,26.68,27.1,26.32,26.7,26.73,-0.030000000000001137,-0.1122,105101.85,281049.567,27.096,104554.934,27.189,118021.105,29.629,125188.952,31.7027,143728.3723
39,601865.SH,20210319,26.91,27.26,26.41,26.73,27.55,-0.8200000000000003,-2.9764,149124.03,398987.012,27.216,105903.934,27.305,126316.995,30.051,128044.2205,32.0023,144950.3913
40,601865.SH,20210318,27.42,27.87,27.23,27.55,27.48,0.07000000000000028,0.2547,103452.81,284329.376,27.434,97734.24,27.656,123192.407,30.509,128619.812,32.2807,147593.1147
41,601865.SH,20210317,27.02,27.6,26.63,27.48,27.02,0.46000000000000085,1.7024,83245.96,227319.845,27.518,102090.576,27.98,129964.225,30.9805,133222.499,32.5843,151911.4033
42,601865.SH,20210316,27.41,27.76,26.84,27.02,27.3,-0.28000000000000114,-1.0256,81850.02,222372.078,27.41,111814.5,28.503,131110.037,31.4925,140428.4465,32.984,157275.808
43,601865.SH,20210315,27.18,28.08,26.87,27.3,27.82,-0.5199999999999996,-1.8692,111846.85,306037.54,27.282,131487.276,29.057,134058.053,31.9865,148698.99,33.3567,162723.0307
44,601865.SH,20210312,28.4,29.0,27.15,27.82,27.97,-0.14999999999999858,-0.5363,108275.56,301098.448,27.394,146730.056,29.637,133127.795,32.3165,153017.93,33.793,171952.065
45,601865.SH,20210311,27.04,28.07,27.04,27.97,26.94,1.0299999999999976,3.8233,125234.49,346721.596,27.878,148650.574,30.091,133184.338,32.674,154976.9565,34.23,181385.6833
46,601865.SH,20210310,27.26,27.69,26.81,26.94,26.38,0.5600000000000023,2.1228,131865.58,357598.26,28.442,157837.874,30.633,133359.735,33.038,155364.84,34.601,187490.768
47,601865.SH,20210309,27.07,27.72,25.8,26.38,27.86,-1.4800000000000004,-5.3123,180213.9,483779.468,29.596,150405.574,31.248,138442.219,33.4505,157708.176,34.947,189807.4337
48,601865.SH,20210308,30.48,30.6,27.72,27.86,30.24,-2.379999999999999,-7.8704,188060.75,544520.697,30.832,136628.83,32.069,132356.799,33.9595,156582.006,35.2877,194464.4133
49,601865.SH,20210305,29.87,30.8,29.31,30.24,30.79,-0.5500000000000007,-1.7863,117878.15,355091.74,31.88,119525.534,32.797,129771.446,34.351,154267.0895,35.6423,195748.6393
50,601865.SH,20210304,32.26,32.36,30.5,30.79,32.71,-1.9200000000000017,-5.8698,171170.99,534167.495,32.304,117718.102,33.362,134047.217,34.593,159793.4685,35.8813,198912.7033
51,601865.SH,20210303,32.59,32.78,31.81,32.71,32.56,0.14999999999999858,0.4607,94704.08,306650.003,32.824,108881.596,33.981,136480.773,34.8865,162884.9925,36.1037,201417.665
52,601865.SH,20210302,33.21,33.64,32.4,32.56,33.1,-0.5399999999999991,-1.6314,111330.18,366331.698,32.9,126478.864,34.482,149746.856,35.2245,170358.6935,36.3133,209232.8643
53,601865.SH,20210301,32.8,33.35,32.51,33.1,32.36,0.740000000000002,2.2868,102544.27,338548.391,33.306,128084.768,34.916,163339.927,35.5065,177055.5195,36.5743,213776.714
54,601865.SH,20210226,32.26,33.2,32.0,32.36,33.39,-1.0300000000000011,-3.0848,108840.99,353105.84,33.714,140017.358,34.996,172908.065,35.871,191364.2,36.8113,222960.5237
55,601865.SH,20210225,33.48,33.86,32.36,33.39,33.09,0.29999999999999716,0.9066,126988.46,420174.012,34.42,150376.332,35.257,176769.575,36.2995,205486.356,37.1673,231306.688
56,601865.SH,20210224,34.5,34.8,32.55,33.09,34.59,-1.5,-4.3365,182690.42,612572.421,35.138,164079.95,35.443,177369.945,36.585,214556.2845,37.5513,241521.9227
57,601865.SH,20210223,34.8,35.43,34.05,34.59,35.14,-0.5499999999999972,-1.5652,119359.7,414619.544,36.064,173014.848,35.653,176974.133,36.7965,215490.041,37.9087,246157.0353
58,601865.SH,20210222,36.15,36.65,35.1,35.14,35.89,-0.75,-2.0897,162207.22,581145.333,36.526,198595.086,35.85,180807.213,36.897,225518.2205,38.2257,260097.5677
59,601865.SH,20210219,36.94,36.94,34.79,35.89,36.98,-1.0899999999999963,-2.9475,160635.86,571672.782,36.278,205798.772,35.905,178762.733,37.065,228737.236,38.5173,272795.3093
60,601865.SH,20210218,39.28,39.38,36.65,36.98,37.72,-0.740000000000002,-1.9618,195506.55,737641.372,36.094,203162.818,35.824,185539.72,37.141,231345.4465,38.651,271832.691
61,601865.SH,20210210,37.08,38.3,36.2,37.72,36.9,0.8200000000000003,2.2222,227364.91,852229.408,35.748,190659.94,35.792,189289.212,37.165,233886.111,38.6273,275577.6497
62,601865.SH,20210209,36.0,37.13,35.21,36.9,33.9,3.0,8.8496,247260.89,898676.513,35.242,180933.418,35.967,190970.531,37.229,238975.8685,38.543,279705.7003
63,601865.SH,20210208,34.21,34.27,31.66,33.9,34.97,-1.0700000000000003,-3.0598,198225.65,654013.819,35.174,163019.34,36.097,190771.112,37.4035,238995.1075,38.6163,279635.952
64,601865.SH,20210205,35.25,36.54,34.83,34.97,35.25,-0.28000000000000114,-0.7943,147456.09,525256.523,35.532,151726.694,36.746,209820.335,37.719,247986.753,38.793,283175.414
65,601865.SH,20210204,35.17,35.71,34.47,35.25,35.19,0.060000000000002274,0.1705,132992.16,466493.845,35.554,167916.622,37.342,234203.137,38.1225,258575.2445,38.9007,289532.8997
66,601865.SH,20210203,36.5,37.5,35.0,35.19,36.56,-1.3700000000000045,-3.7473,178732.3,645003.357,35.836,187918.484,37.727,251742.624,38.6055,273597.9115,39.0273,300549.9453
67,601865.SH,20210202,35.99,36.61,35.27,36.56,35.69,0.8700000000000045,2.4377,157690.5,569090.772,36.692,201007.644,37.94,254005.949,39.0365,280748.4865,39.0377,304902.954
68,601865.SH,20210201,34.61,36.07,34.25,35.69,35.08,0.6099999999999994,1.7389,141762.42,500736.92,37.02,218522.884,37.944,270229.228,39.4135,299742.745,39.014,311578.9597
69,601865.SH,20210129,36.82,37.41,33.86,35.08,36.66,-1.5799999999999983,-4.3099,228405.73,811189.249,37.96,267913.976,38.225,278711.739,39.8235,319811.5975,38.9287,314900.9547
70,601865.SH,20210128,38.1,38.86,36.53,36.66,39.47,-2.8100000000000023,-7.1193,233001.47,870938.673,39.13,300489.652,38.458,277151.173,40.0645,314979.1765,38.843,321459.3393
71,601865.SH,20210127,38.2,39.48,36.8,39.47,38.2,1.269999999999996,3.3246,244178.1,932068.961,39.618,315566.764,38.538,278483.01,40.045,318721.8685,38.7487,326881.868
72,601865.SH,20210126,39.8,39.8,38.17,38.2,40.39,-2.1899999999999977,-5.4221,245266.7,951724.647,39.188,307004.254,38.491,286981.206,39.831,324073.285,38.602,328983.5073
73,601865.SH,20210125,40.69,41.93,39.01,40.39,40.93,-0.5399999999999991,-1.3193,388717.88,1581910.407,38.868,321935.572,38.71,287219.103,39.876,324068.372,38.4857,333382.447
74,601865.SH,20210122,41.44,42.38,40.41,40.93,39.1,1.8299999999999983,4.6803,391284.11,1618141.957,38.49,289509.502,38.692,286153.171,39.8165,319852.9535,38.2243,327452.897
75,601865.SH,20210121,38.5,39.49,37.88,39.1,37.32,1.7800000000000011,4.7696,308387.03,1199799.078,37.786,253812.694,38.903,282947.352,39.68,317197.781,37.934,321982.2823
76,601865.SH,20210120,36.67,37.83,36.36,37.32,36.6,0.7199999999999989,1.9672,201365.55,747859.783,37.458,241399.256,39.484,295453.199,39.6775,324953.606,37.679,317367.1
77,601865.SH,20210119,38.5,40.18,36.44,36.6,38.5,-1.8999999999999986,-4.9351,319923.29,1217349.532,37.794,266958.158,40.133,307491.024,39.5865,330351.4565,37.5077,317024.7043
78,601865.SH,20210118,37.42,38.96,36.66,38.5,37.41,1.0900000000000034,2.9137,226587.53,864289.954,38.552,252502.634,40.883,329256.262,39.549,332253.8255,37.338,312538.56
79,601865.SH,20210115,37.43,38.14,35.95,37.41,37.46,-0.05000000000000426,-0.1335,212800.07,789507.856,38.894,282796.84,41.422,360911.456,39.2805,332995.5625,37.1173,313185.3103
80,601865.SH,20210114,38.25,38.55,36.81,37.46,39.0,-1.5399999999999991,-3.9487,246319.84,928412.258,40.02,312082.01,41.671,352807.18,39.0355,343613.4225,37.051,308765.704
81,601865.SH,20210113,39.98,41.56,38.36,39.0,40.39,-1.3900000000000006,-3.4414,329160.06,1306894.611,41.51,349507.142,41.552,358960.727,38.854,351081.297,36.963,303207.9517
82,601865.SH,20210112,40.4,41.17,40.0,40.39,40.21,0.17999999999999972,0.4476,247645.67,1002688.744,42.472,348023.89,41.171,361165.364,38.6575,349984.658,36.8373,294950.7787
83,601865.SH,20210111,42.5,42.55,39.96,40.21,43.04,-2.8299999999999983,-6.5753,378058.56,1549351.747,43.214,406009.89,41.042,360917.641,38.3735,356464.119,36.6377,289112.033
84,601865.SH,20210108,45.76,46.64,42.51,43.04,44.91,-1.8699999999999974,-4.1639,359225.92,1577761.374,43.95,439026.072,40.941,353552.736,37.9905,348102.76,36.4693,278146.639
85,601865.SH,20210107,44.66,45.81,43.5,44.91,43.81,1.0999999999999943,2.5108,433445.5,1932855.166,43.322,393532.35,40.457,351448.21,37.4495,341499.7475,36.2147,269376.6563
86,601865.SH,20210106,44.01,44.86,42.88,43.81,44.1,-0.28999999999999915,-0.6576,321743.8,1409667.004,41.594,368414.312,39.871,354454.013,36.7765,328324.0505,35.8813,258977.5337
87,601865.SH,20210105,43.9,46.15,42.98,44.1,43.89,0.21000000000000085,0.4785,537575.67,2390927.492,39.87,374306.838,39.04,353211.889,36.195,321791.5445,35.6327,252338.2353
88,601865.SH,20210104,40.45,43.89,40.01,43.89,39.9,3.990000000000002,10.0,543139.47,2308582.67,38.87,315825.392,38.215,335251.389,35.5655,304179.709,35.396,241147.018
89,601865.SH,20201231,39.9,39.9,39.9,39.9,36.27,3.6299999999999955,10.0083,131757.31,525711.667,37.932,268079.4,37.139,305079.669,34.965,289322.2375,35.111,227253.755
90,601865.SH,20201230,36.8,36.99,35.73,36.27,35.19,1.0800000000000054,3.0691,307855.31,1121575.592,37.592,309364.07,36.4,334419.665,34.741,286744.966,34.9513,226864.11
91,601865.SH,20201229,38.5,38.8,35.19,35.19,39.1,-3.9100000000000037,-10.0,351206.43,1274899.861,38.148,340493.714,36.156,343201.867,34.6685,275331.564,34.9183,222894.721
92,601865.SH,20201228,39.49,40.45,38.22,39.1,39.2,-0.10000000000000142,-0.2551,245168.44,956079.168,38.21,332116.94,36.144,338803.952,34.6705,261843.486,34.8713,218586.569
93,601865.SH,20201225,38.0,39.35,37.07,39.2,38.2,1.0,2.6178,304409.51,1166266.337,37.56,354677.386,35.705,352010.597,34.4355,253209.229,34.779,216653.303
94,601865.SH,20201224,39.0,39.0,37.4,38.2,39.05,-0.8499999999999943,-2.1767,338180.66,1290360.816,36.346,342079.938,35.04,342652.784,34.2335,240443.5905,34.7583,211445.7203
95,601865.SH,20201223,36.5,39.05,36.06,39.05,35.5,3.549999999999997,10.0,463503.53,1773300.627,35.208,359475.26,34.442,331551.285,34.0935,228340.8795,34.7477,204185.418
96,601865.SH,20201222,35.9,36.99,35.27,35.5,35.85,-0.3500000000000014,-0.9763,309322.56,1117947.392,34.164,345910.02,33.682,302194.088,33.8865,211239.294,34.686,195034.669
97,601865.SH,20201221,34.15,36.02,34.08,35.85,33.13,2.719999999999999,8.2101,357970.67,1263580.851,34.078,345490.964,33.35,290371.2,33.929,201901.4085,34.7453,191326.1387
98,601865.SH,20201218,32.0,33.49,31.33,33.13,32.51,0.6200000000000045,1.9071,241422.27,786519.658,33.85,349343.808,32.916,273108.029,33.9865,194094.8325,34.832,187802.1893
99,601865.SH,20201217,31.77,32.8,30.45,32.51,33.83,-1.3200000000000003,-3.9019,425157.27,1325314.001,33.734,343225.63,32.791,273564.806,34.097,188340.798,35.0364,188281.3713
100,601865.SH,20201216,35.72,36.72,33.58,33.83,35.07,-1.240000000000002,-3.5358,395677.33,1390921.558,33.676,303627.31,33.082,239070.267,34.227,173086.3325,35.319,181576.2027
101,601865.SH,20201215,34.92,35.35,33.46,35.07,34.71,0.35999999999999943,1.0372,307227.28,1056386.801,33.2,258478.156,33.181,207461.261,34.2995,162741.148,35.5094,180256.6403
102,601865.SH,20201214,32.88,35.12,32.88,34.71,32.55,2.1600000000000037,6.6359,377234.89,1282121.194,32.622,235251.436,33.197,184883.02,34.235,158477.8775,35.731,176777.973
103,601865.SH,20201211,32.22,33.07,31.85,32.55,32.22,0.3299999999999983,1.0242,210831.38,683646.041,31.982,196872.25,33.166,154407.861,34.316,148974.656,36.052,172549.4903
104,601865.SH,20201210,31.35,33.18,31.21,32.22,31.45,0.7699999999999996,2.4483,227165.67,733203.988,31.848,203903.982,33.427,138234.397,34.6175,145842.1885,36.3243,174106.863
105,601865.SH,20201209,32.18,32.8,31.44,31.45,32.18,-0.7300000000000004,-2.2685,169931.56,547557.043,32.488,174513.224,33.745,125130.474,34.9005,140502.4845,36.5824,172413.5287
106,601865.SH,20201208,31.5,32.68,31.11,32.18,31.51,0.6699999999999982,2.1263,191093.68,613260.952,33.162,156444.366,34.091,120284.5,35.188,141454.9595,36.745,173573.2923
107,601865.SH,20201207,30.9,32.13,30.88,31.51,31.88,-0.36999999999999744,-1.1606,185338.96,583347.965,33.772,134514.604,34.508,113431.617,35.443,141803.608,36.9078,174382.0653
108,601865.SH,20201204,33.53,33.8,31.88,31.88,35.42,-3.5400000000000027,-9.9944,245990.04,796270.538,34.35,111943.472,35.057,115081.636,35.79,145149.2695,37.0052,174278.6973
109,601865.SH,20201203,34.82,35.52,34.18,35.42,34.82,0.6000000000000014,1.7231,80211.88,280834.18,35.006,72564.812,35.403,103116.79,36.1591,145639.654,37.0404,170085.127
110,601865.SH,20201202,35.55,36.23,34.35,34.82,35.23,-0.4099999999999966,-1.1638,79587.27,279415.453,35.002,75747.724,35.372,107102.398,36.4375,152829.1705,36.9685,173866.327
111,601865.SH,20201201,34.51,35.4,34.19,35.23,34.4,0.8299999999999983,2.4128,81444.87,285410.381,35.02,84124.634,35.418,118021.035,36.6736,166654.33,36.9123,179641.6627
112,601865.SH,20201130,35.32,35.35,33.5,34.4,35.16,-0.759999999999998,-2.1615,72483.3,249782.397,35.244,92348.63,35.273,132072.735,36.998,172725.4495,36.8674,186707.2603
113,601865.SH,20201127,35.2,35.38,34.51,35.16,35.4,-0.240000000000002,-0.678,49096.74,171942.844,35.764,118219.8,35.466,143541.451,37.4951,181620.305,36.8794,189548.235
114,601865.SH,20201126,34.7,35.4,33.81,35.4,34.91,0.490000000000002,1.4036,96126.44,331453.66,35.8,133668.768,35.808,153449.98,37.773,192043.096,36.9949,196259.3213
115,601865.SH,20201125,36.5,36.7,34.79,34.91,36.35,-1.4400000000000048,-3.9615,121471.82,430450.829,35.742,138457.072,36.056,155874.495,38.001,196055.056,37.0468,203141.3107
116,601865.SH,20201124,36.93,37.76,35.45,36.35,37.0,-0.6499999999999986,-1.7568,122564.85,445063.775,35.816,151917.436,36.285,162625.419,38.0719,200217.6885,37.1958,210160.175
117,601865.SH,20201123,35.91,38.06,35.68,37.0,35.34,1.6599999999999966,4.6972,201839.15,746647.863,35.302,171796.84,36.378,170175.599,38.1078,204857.2895,37.2483,218421.3987
118,601865.SH,20201120,35.64,35.74,34.39,35.34,35.11,0.23000000000000398,0.6551,126341.58,443637.792,35.168,168863.102,36.523,175216.903,37.9793,203877.228,37.2193,215176.3863
119,601865.SH,20201119,35.23,35.6,33.86,35.11,35.28,-0.1700000000000017,-0.4819,120067.96,418249.286,35.816,173231.192,36.9152,188162.518,37.8591,203569.2955,37.1361,211572.0887
120,601865.SH,20201118,34.0,35.57,33.78,35.28,33.78,1.5,4.4405,188773.64,660353.598,36.37,173291.918,37.5031,198555.943,37.7668,207248.2915,36.9611,213498.0833
121,601865.SH,20201117,35.92,35.99,33.05,33.78,36.33,-2.549999999999997,-7.019,221961.87,758507.755,36.754,173333.402,37.9292,215287.625,37.6595,210451.9765,36.69,211777.605
122,601865.SH,20201116,38.95,38.95,35.78,36.33,38.58,-2.25,-5.832,187170.46,688367.447,37.454,168554.358,38.7229,213378.164,37.6646,214024.523,36.4495,209589.42
123,601865.SH,20201113,37.51,38.67,36.38,38.58,37.88,0.6999999999999957,1.8479,148182.03,558356.673,37.878,181570.704,39.5241,219699.159,37.5861,212551.627,36.0659,205990.1733
124,601865.SH,20201112,37.2,38.21,37.0,37.88,37.2,0.6799999999999997,1.828,120371.59,453248.158,38.0144,203093.844,39.738,230636.212,37.5883,217663.992,35.6182,206303.447
125,601865.SH,20201111,37.12,38.85,36.38,37.2,37.28,-0.0799999999999983,-0.2146,188981.06,717473.316,38.6361,223819.968,39.9461,236235.617,37.5421,226774.7185,35.1922,206069.7107
126,601865.SH,20201110,39.09,39.1,35.71,37.28,38.45,-1.1700000000000017,-3.0429,198066.65,734356.161,39.1044,257241.848,39.8589,237809.958,37.6512,233927.553,34.764,202782.1687
127,601865.SH,20201109,38.79,39.3,36.8,38.45,39.28,-0.8299999999999983,-2.113,252252.19,964268.836,39.9918,258201.97,39.8375,239538.98,37.6835,242544.2985,34.3673,198938.055
128,601865.SH,20201106,41.8169,42.815,38.1742,39.262,40.9886,-1.7265999999999977,-4.2124,255797.73,1020573.477,41.1702,257827.614,39.4357,232537.553,37.5674,235156.128,33.9216,193730.7603
129,601865.SH,20201105,40.7191,41.5475,39.272,40.9886,39.5415,1.447099999999999,3.6597,224002.21,914056.319,41.4616,258178.58,38.8029,218976.073,37.2465,223276.874,33.4539,190478.8653
130,601865.SH,20201104,42.4158,44.5116,37.9247,39.5415,41.7171,-2.175600000000003,-5.2151,356090.46,1451577.561,41.256,248651.266,38.0305,215940.64,36.6901,220969.1535,32.897,187376.7887
131,601865.SH,20201103,43.9028,44.7511,40.6393,41.7171,44.3419,-2.6248000000000005,-5.9195,202867.26,856706.003,40.6133,218378.068,37.3897,205616.328,36.0704,210022.595,32.3501,177918.2067
132,601865.SH,20201102,41.0984,44.791,41.0984,44.3419,40.7191,3.622800000000005,8.8971,250380.41,1089333.07,39.6832,220875.99,36.6063,214670.882,35.3129,207695.048,31.736,175466.1467
133,601865.SH,20201030,40.799,43.9028,38.4237,40.7191,39.9606,0.758499999999998,1.8981,257552.56,1058071.103,37.7011,207247.492,35.6482,205404.095,34.3368,199135.6805,30.9865,170229.265
134,601865.SH,20201029,35.8987,39.9606,35.4396,39.9606,36.3278,3.632799999999996,10.0001,176365.64,673885.212,36.1442,179773.566,35.4386,204691.772,33.5583,194137.0645,30.2945,163946.1653
135,601865.SH,20201028,36.228,37.8947,35.7989,36.3278,37.0664,-0.7385999999999981,-1.9926,204724.47,755829.916,34.8049,183230.014,35.1382,217313.82,32.8153,190986.7575,29.6484,161785.2547
136,601865.SH,20201027,33.9825,37.8049,33.6432,37.0664,34.4316,2.6347999999999985,7.6523,215356.87,765328.47,34.1661,192854.588,35.4436,230045.148,32.2165,185268.274,29.1847,157031.6137
137,601865.SH,20201026,32.5354,34.731,32.3158,34.4316,32.9346,1.4969999999999999,4.5454,182237.92,621718.746,33.5294,208465.774,35.5294,245549.617,31.6322,178637.5925,28.7173,152276.7187
138,601865.SH,20201023,33.3338,33.8128,31.9366,32.9346,33.2639,-0.3292999999999964,-0.99,120182.93,396418.467,33.5953,203560.698,35.6991,237774.703,31.1646,174327.364,28.3796,148568.86
139,601865.SH,20201022,32.4356,33.6731,31.1681,33.2639,33.1342,0.1296999999999997,0.3914,193647.88,631282.632,34.733,229609.978,35.6901,227577.675,30.7794,176230.2615,28.0949,147060.4127
140,601865.SH,20201021,34.1821,34.4316,31.6471,33.1342,33.8827,-0.7484999999999999,-2.2091,252847.34,827569.883,35.4716,251397.626,35.3498,225997.667,30.3303,173094.863,27.7951,142932.0927
141,601865.SH,20201020,33.8029,34.0723,32.3258,33.8827,34.761,-0.878300000000003,-2.5267,293412.8,978398.17,36.7211,267235.708,34.751,214428.862,29.8303,164069.146,27.5107,138373.7107
142,601865.SH,20201019,38.9227,39.0425,34.761,34.761,38.6233,-3.8622999999999976,-9.9999,157712.54,561039.138,37.5295,282633.46,34.0194,200719.214,29.3008,155863.779,27.181,132533.2807
143,601865.SH,20201016,37.3259,38.8728,36.7271,38.6233,36.9566,1.6666999999999987,4.5099,250429.33,949799.052,37.8029,271988.708,33.0254,192867.266,28.6556,152641.85,26.7905,129432.737
144,601865.SH,20201015,39.1522,39.2221,35.5893,36.9566,39.3818,-2.4251999999999967,-6.1582,302586.12,1126381.375,36.6472,225545.372,31.6781,183582.357,27.7224,143573.362,26.2558,123154.0593
145,601865.SH,20201014,37.3558,41.7171,36.4576,39.3818,37.9247,1.457099999999997,3.8421,332037.75,1304760.162,35.228,200597.708,30.4924,164659.695,26.9036,134020.972,25.7598,116343.4787
146,601865.SH,20201013,36.228,39.5215,35.8089,37.9247,36.1282,1.7965000000000018,4.9726,370401.56,1381974.773,32.7809,161622.016,28.9894,140491.4,26.0553,120524.8465,25.2146,106973.7103
147,601865.SH,20201012,36.1282,36.1282,36.1282,36.1282,32.8448,3.2834000000000003,9.9967,104488.78,378249.384,30.5094,118804.968,27.7349,111725.568,25.3112,105640.2695,24.7209,96929.566
148,601865.SH,20201009,32.8448,32.8448,32.8448,32.8448,29.8607,2.984099999999998,9.9934,18212.65,59937.831,28.2479,113745.824,26.6301,110880.025,24.7199,103965.9385,24.2688,95816.0007
149,601865.SH,20200930,27.3457,29.8607,27.0762,29.8607,27.1461,2.714600000000001,10.0,177847.8,521728.491,26.7089,141619.342,25.8686,124882.848,24.2972,106801.7815,23.9175,98883.7943
150,601865.SH,20200929,26.8666,27.5253,26.0283,27.1461,26.5672,0.5789000000000009,2.179,137159.29,370233.612,25.7568,128721.682,25.3107,120192.059,24.0178,101399.3055,23.6906,96056.1903
151,601865.SH,20200928,25.689,27.0263,25.3696,26.5672,24.8207,1.746500000000001,7.0365,156316.32,412809.191,25.1979,119360.784,24.9095,113709.43,23.8905,100346.135,23.5985,93753.1713
152,601865.SH,20200925,25.7588,26.0483,24.6111,24.8207,25.15,-0.3292999999999999,-1.3093,79193.06,198900.783,24.9604,104646.168,24.5822,111008.344,23.7618,98440.314,23.5236,91415.3727
153,601865.SH,20200924,25.4894,26.8866,24.9504,25.15,25.1001,0.04989999999999739,0.1988,157580.24,407460.393,25.0123,108014.226,24.2858,112416.434,23.673,97715.4725,23.4957,90808.8903
154,601865.SH,20200923,24.7908,25.4794,24.5113,25.1001,24.3516,0.7484999999999999,3.0737,113359.5,284710.814,25.0283,108146.354,23.7668,103564.367,23.5447,92939.9105,23.4401,88100.363
155,601865.SH,20200922,25.0103,25.2,24.2718,24.3516,25.3796,-1.0279999999999987,-4.0505,90354.8,223464.512,24.8646,111662.436,23.3147,103382.249,23.3935,92185.3705,23.4035,89122.7343
156,601865.SH,20200921,25.4894,25.9884,25.2199,25.3796,25.0802,0.29939999999999856,1.1938,82743.24,211451.002,24.6211,108058.076,23.1211,100558.293,23.3272,90214.8655,23.4315,90483.4143
157,601865.SH,20200918,25.2898,25.8986,24.8506,25.0802,25.2299,-0.14969999999999928,-0.5933,96033.35,242372.574,24.2039,117370.52,22.8876,99554.971,23.2139,89531.565,23.4271,91083.1187
158,601865.SH,20200917,24.3816,25.8886,24.3816,25.2299,24.2818,0.9481000000000002,3.9046,158240.88,400216.307,23.5592,116818.642,22.8097,97051.852,23.0881,88283.9885,23.4261,93086.014
159,601865.SH,20200916,23.6331,25.0303,23.4035,24.2818,23.1341,1.1477000000000004,4.9611,130939.91,319908.408,22.5053,98982.38,22.7259,88720.715,22.9419,85884.2675,23.4587,93184.4963
160,601865.SH,20200915,23.673,23.7329,22.3057,23.1341,23.2937,-0.15960000000000107,-0.6852,72333.0,166266.12,21.7648,95102.062,22.7249,82606.552,22.8806,83988.256,23.5236,96680.7667
161,601865.SH,20200914,22.655,23.9325,22.146,23.2937,21.8566,1.437100000000001,6.5751,129305.46,299963.598,21.6211,93058.51,22.8716,86982.84,22.9429,83775.042,23.6088,102254.4183
162,601865.SH,20200911,19.9604,21.9564,19.4713,21.8566,19.9604,1.8962000000000003,9.4998,93273.96,195530.159,21.5712,81739.422,22.9414,85872.284,22.9943,81618.887,23.6108,104395.9937
163,601865.SH,20200910,21.0582,21.0682,19.7508,19.9604,20.5791,-0.6187000000000005,-3.0064,69059.57,141096.947,22.0602,77285.062,23.0602,83014.511,23.1006,80005.1185,23.6404,108243.0843
164,601865.SH,20200909,21.9564,22.146,20.5392,20.5791,22.4155,-1.8364000000000011,-8.1925,111538.32,234929.229,22.9464,78459.05,23.3227,82315.454,23.2768,80368.361,23.7239,110196.4867
165,601865.SH,20200908,22.7947,23.164,21.9664,22.4155,23.0442,-0.6286999999999985,-2.7282,62115.24,139581.272,23.685,70111.042,23.4724,80988.492,23.4479,81992.977,23.7834,112485.8893
166,601865.SH,20200907,24.0822,24.7309,22.9245,23.0442,24.3017,-1.2575000000000003,-5.1745,72710.02,173255.836,24.1221,80907.17,23.5333,79871.438,23.5867,85445.975,23.7615,115887.9043
167,601865.SH,20200904,23.9025,24.3816,23.0941,24.3017,24.3916,-0.08990000000000009,-0.3686,71002.16,168925.039,24.3117,90005.146,23.5402,79508.159,23.6969,86847.1925,23.7069,118380.75
168,601865.SH,20200903,24.4814,24.5313,23.8626,24.3916,24.2718,0.11980000000000146,0.4936,74929.51,181880.345,24.0602,88743.96,23.3666,79516.125,23.7344,91103.095,23.5921,121364.3667
169,601865.SH,20200902,24.4714,24.8107,23.8127,24.2718,24.6011,-0.3292999999999999,-1.3386,69798.28,169260.444,23.6989,86171.858,23.158,83047.82,23.8252,95416.387,23.5439,124727.0827
170,601865.SH,20200901,24.0023,25.1001,23.8626,24.6011,23.9923,0.6087999999999987,2.5375,116095.88,284031.534,23.2598,91865.942,23.0362,85369.96,23.923,103717.874,23.4557,126816.788
171,601865.SH,20200831,23.2838,24.6011,23.0442,23.9923,23.0442,0.9481000000000002,4.1143,118199.9,283081.005,22.9444,78835.706,23.0143,80567.244,23.9774,109890.2075,23.3676,128958.495
172,601865.SH,20200828,22.8446,23.2838,22.4754,23.0442,22.5851,0.4590999999999994,2.0328,64696.23,148711.171,22.7688,69011.172,23.0472,77365.49,23.9454,113657.8485,23.2665,131432.9747
173,601865.SH,20200827,22.166,22.9145,21.8566,22.5851,22.0762,0.5089000000000006,2.3052,62069.0,139151.613,22.673,70288.29,23.141,76995.726,23.9305,120857.371,23.1537,133020.585
174,601865.SH,20200826,23.164,23.2139,21.657,22.0762,23.0243,-0.9481000000000002,-4.1178,98268.7,219165.932,22.6171,79923.782,23.2309,78421.268,23.9245,124137.003,23.0369,135715.16
175,601865.SH,20200825,22.9943,23.5233,22.8147,23.0243,23.1141,-0.08980000000000032,-0.3885,50944.7,118157.757,22.8127,78873.978,23.4235,82997.462,23.939,128234.588,23.0073,139853.5733
176,601865.SH,20200824,22.3855,23.3836,22.0662,23.1141,22.5652,0.5488999999999997,2.4325,69077.23,157768.265,23.0842,82298.782,23.6401,91020.512,23.8756,133896.1375,22.9238,146196.4067
177,601865.SH,20200821,22.4953,23.1341,22.3756,22.5652,22.3057,0.2594999999999992,1.1634,71081.82,161798.896,23.3257,85719.808,23.8536,94186.226,23.7903,137817.0455,22.9122,150395.5367
178,601865.SH,20200820,23.0043,23.5532,22.156,22.3057,23.0542,-0.7484999999999999,-3.2467,110246.46,249338.87,23.6091,83703.162,24.1021,102690.065,23.7049,142288.4875,22.8686,153902.0227
179,601865.SH,20200819,24.3516,24.4415,23.0542,23.0542,24.3816,-1.3273999999999972,-5.4443,93019.68,219494.663,23.8447,76918.754,24.4924,107784.954,23.7369,145566.714,22.8137,156070.8177
180,601865.SH,20200818,24.3317,24.5313,24.0023,24.3816,24.3217,0.059899999999998954,0.2463,68068.72,165417.716,24.0343,87120.946,24.8097,122065.788,23.6655,147540.202,22.7285,157832.4157
181,601865.SH,20200817,23.7528,24.4115,23.5333,24.3217,23.9824,0.3393000000000015,1.4148,86182.36,207720.473,24.196,99742.242,24.9405,139213.171,23.5442,153154.1205,22.5988,162938.3433
182,601865.SH,20200814,23.4834,24.0123,23.4035,23.9824,23.4834,0.4989999999999988,2.1249,60998.59,144986.497,24.3816,102652.644,24.8437,149950.207,23.3761,158466.717,22.4624,166264.8213
183,601865.SH,20200813,24.152,24.2618,23.4135,23.4834,24.0023,-0.5189000000000021,-2.1619,76324.42,180898.893,24.5952,121676.968,24.7199,164719.016,23.16,161033.0145,22.335,170599.386
184,601865.SH,20200812,24.9504,25.3596,23.154,24.0023,25.19,-1.1876999999999995,-4.715,144030.64,345840.363,25.1401,138651.154,24.6181,169852.738,22.9399,164362.106,22.2332,175642.258
185,601865.SH,20200811,25.5293,26.5074,25.0602,25.19,25.2499,-0.059899999999998954,-0.2372,131175.2,339674.573,25.5852,157010.63,24.4544,173471.714,22.7992,168281.629,22.0692,177700.8863
186,601865.SH,20200810,24.9105,25.5792,24.6011,25.2499,25.0502,0.1997,0.7972,100734.37,253617.816,25.685,178684.1,24.1111,176771.763,22.5657,173784.354,21.8549,181642.825
187,601865.SH,20200807,25.9984,26.3078,24.192,25.0502,26.2079,-1.1576999999999984,-4.4174,156120.21,393183.36,25.3057,197247.77,23.7269,181447.865,22.4414,178500.192,21.6537,187973.8343
188,601865.SH,20200806,26.198,27.2858,25.4295,26.2079,26.2279,-0.020000000000003126,-0.0763,161195.35,425518.837,24.8446,207761.064,23.3077,181886.91,22.2518,179508.0015,21.4008,189629.318
189,601865.SH,20200805,24.8806,26.9265,23.7129,26.2279,25.689,0.5389000000000017,2.0978,235828.02,589003.441,24.0961,201054.322,22.9814,183348.474,21.9744,180213.7495,21.0572,188165.721
190,601865.SH,20200804,23.5832,25.689,23.0542,25.689,23.3536,2.3354,10.0002,239542.55,588741.59,23.3237,189932.798,22.5213,173014.616,21.6879,175715.7295,20.6906,183322.9373
191,601865.SH,20200803,23.0542,23.8027,22.3556,23.3536,22.7448,0.6087999999999987,2.6767,193552.72,448006.669,22.5372,174859.426,22.148,167095.07,21.4279,174800.9295,20.3339,177940.6397
192,601865.SH,20200731,22.146,23.8127,22.0163,22.7448,22.4654,0.27940000000000254,1.2437,208686.68,475226.339,22.148,165647.96,21.9085,166983.227,21.2718,174422.1285,20.0575,173599.01
193,601865.SH,20200730,22.7548,22.8247,21.6969,22.4654,22.3656,0.09979999999999833,0.4462,127661.64,283422.927,21.7708,156012.756,21.6001,157347.013,21.1425,173539.571,19.7997,168869.698
194,601865.SH,20200729,21.7268,22.5352,20.7787,22.3656,21.7568,0.6088000000000022,2.7982,180220.4,394407.792,21.8666,165642.626,21.2618,158871.474,21.0407,178537.018,19.5532,166630.0763
195,601865.SH,20200728,21.2777,22.7548,21.0781,21.7568,21.4075,0.3492999999999995,1.6317,164175.69,359719.476,21.7189,156096.434,21.144,163091.544,20.8765,179815.4725,19.31,163951.3733
196,601865.SH,20200727,21.6969,22.6151,21.158,21.4075,20.8586,0.5488999999999997,2.6315,147495.39,324383.144,21.7588,159330.714,21.0202,170796.945,20.7268,184078.356,19.1071,162033.0837
197,601865.SH,20200724,22.3855,22.6949,20.7588,20.8586,22.9444,-2.0858000000000025,-9.0907,160510.66,350527.881,21.669,168318.494,21.156,175552.519,20.617,191236.819,18.8991,160695.271
198,601865.SH,20200723,21.637,23.0642,21.4674,22.9444,21.627,1.3174000000000028,6.0915,175810.99,397699.29,21.4294,158681.27,21.1959,177129.093,20.4474,193500.522,18.6969,159580.253
199,601865.SH,20200722,22.0163,22.3356,21.4574,21.627,21.9564,-0.3293999999999997,-1.5002,132489.44,288689.728,20.657,152100.322,20.9674,177079.025,20.0951,190574.3445,18.4344,158254.1307
200,601865.SH,20200721,21.3576,22.7947,21.0582,21.9564,20.9584,0.9979999999999976,4.7618,180347.09,396894.824,20.5692,170086.654,20.8546,178416.843,19.7752,188477.098,18.1879,156686.0227
201,601865.SH,20200720,20.0502,21.3676,20.0502,20.9584,19.661,1.2973999999999997,6.5989,192434.29,402980.73,20.2817,182263.176,20.7079,182506.789,19.4269,183363.4245,17.9211,153344.3453
202,601865.SH,20200717,19.3615,20.2997,18.8725,19.661,19.0821,0.5789000000000009,3.0337,112324.54,221965.394,20.643,182786.544,20.635,181861.03,19.132,176906.9015,17.6842,150309.115
203,601865.SH,20200716,20.2598,20.8586,19.0721,19.0821,21.1879,-2.1057999999999986,-9.9387,142906.25,284402.064,20.9624,195576.916,20.6849,189732.129,18.8995,174631.0405,17.4773,149866.233
204,601865.SH,20200715,19.9604,21.9165,19.641,21.1879,20.5192,0.6686999999999976,3.2589,222421.1,459230.02,21.2777,202057.728,20.8197,198202.562,18.6989,170509.3775,17.2966,148554.4197
205,601865.SH,20200714,22.5053,22.7049,20.4893,20.5192,22.7648,-2.2455999999999996,-9.8644,241229.7,509622.079,21.14,186747.032,20.6091,196539.401,18.393,164381.288,17.0372,144922.399
206,601865.SH,20200713,21.4075,23.154,21.4075,22.7648,21.2578,1.5070000000000014,7.0892,195051.13,440039.785,21.134,182750.402,20.4334,197359.767,18.1505,157651.153,16.7863,139466.9777
207,601865.SH,20200710,20.3596,21.8865,20.14,21.2578,20.659,0.5988000000000007,2.8985,176276.4,373099.815,20.627,180935.516,20.0781,206921.119,17.7707,153266.647,16.463,135907.0417
208,601865.SH,20200709,20.5093,21.637,20.4095,20.659,20.4993,0.1596999999999973,0.7791,175310.31,369508.64,20.4075,183887.342,19.6989,209871.951,17.4474,150805.833,16.1855,134908.6147
209,601865.SH,20200708,19.9604,20.7288,19.8606,20.4993,20.4893,0.010000000000001563,0.0488,145867.62,296929.966,20.3616,194347.396,19.2228,204069.664,17.1679,148841.6835,15.9473,133521.4507
210,601865.SH,20200707,20.16,21.7268,19.6809,20.4893,20.2298,0.2594999999999992,1.2828,221246.55,449821.389,20.0781,206331.77,18.6959,198537.353,16.8545,145820.6125,15.7048,133422.8713
211,601865.SH,20200706,19.7707,20.7588,19.5312,20.2298,20.16,0.06980000000000075,0.3462,185976.7,375212.791,19.7328,211969.132,18.146,184220.06,16.5277,138763.1235,15.4726,132628.4817
212,601865.SH,20200703,19.8506,20.2997,18.8226,20.16,20.4294,-0.26940000000000097,-1.3187,191035.53,374830.774,19.5292,232906.722,17.629,171952.773,16.2088,134533.1575,15.2474,134812.3493
213,601865.SH,20200702,19.3116,20.9584,19.3116,20.4294,19.0821,1.3473000000000006,7.0605,227610.58,457367.576,18.9903,235856.56,17.114,159529.952,15.8735,129933.285,15.0032,132235.666
214,601865.SH,20200701,19.0621,19.9604,18.5432,19.0821,18.7627,0.3194000000000017,1.7023,205789.49,396661.082,18.0841,213791.932,16.5781,142816.193,15.5352,123730.3485,14.7484,129082.0523
215,601865.SH,20200630,18.3436,19.112,17.2956,18.7627,19.2118,-0.4491000000000014,-2.3376,249433.36,456295.863,17.3136,190742.936,16.1769,132223.175,15.2512,119113.898,14.5261,125287.388
216,601865.SH,20200629,17.4553,19.2118,16.9763,19.2118,17.4653,1.746500000000001,9.9998,290664.65,544900.662,16.5591,156470.988,15.8675,117942.539,14.9628,110520.583,14.3129,119501.5397
217,601865.SH,20200624,15.8884,17.4853,15.6988,17.4653,15.8984,1.5668999999999986,9.8557,205784.72,343122.482,15.7288,110998.824,15.4633,99612.175,14.6554,100400.003,14.0887,112416.374
218,601865.SH,20200623,15.1399,15.9284,14.8705,15.8984,15.2298,0.6686000000000014,4.3901,117287.44,182859.528,15.2377,83203.344,15.1958,91739.715,14.4289,97426.9465,13.9287,107876.0013
219,601865.SH,20200622,14.9204,15.619,14.9104,15.2298,14.9902,0.23959999999999937,1.5984,90544.51,138960.867,15.0721,71840.454,15.113,93613.703,14.3096,98247.344,13.8259,106087.769
220,601865.SH,20200619,14.8904,15.4493,14.8605,14.9902,15.0601,-0.06990000000000052,-0.4641,78073.62,118016.426,15.0401,73703.414,15.0132,93103.872,14.2093,100865.6305,13.745,106184.5483
221,601865.SH,20200618,14.9503,15.4194,14.8904,15.0601,15.0102,0.049900000000000944,0.3324,63303.83,96264.482,15.1759,79414.09,14.9094,93306.187,14.1359,106832.6925,13.6768,107826.0153
222,601865.SH,20200617,15.0701,15.12,14.7707,15.0102,15.0701,-0.05990000000000073,-0.3975,66807.32,99915.347,15.1978,88225.526,14.7886,97113.542,14.0566,116242.1375,13.604,108857.9833
223,601865.SH,20200616,15.08,15.2198,14.8305,15.0701,15.0701,0.0,0.0,60472.99,91026.128,15.1539,100276.086,14.633,100336.618,13.9478,118588.523,13.5421,111087.5737
224,601865.SH,20200615,15.5791,15.6589,14.8505,15.0701,15.6689,-0.5988000000000007,-3.8216,99859.31,152302.524,15.1539,115386.952,14.4922,104644.504,13.8335,122214.982,13.4679,114935.2893
225,601865.SH,20200612,14.8405,15.6888,14.6908,15.6689,15.1699,0.49900000000000055,3.2894,106627.0,163172.068,14.9862,112504.33,14.3256,106004.621,13.7008,121819.4945,13.3847,118433.633
226,601865.SH,20200611,14.8605,15.2497,14.6709,15.1699,14.7906,0.37930000000000064,2.5645,107361.01,161587.76,14.6429,107198.284,14.0581,103098.627,13.5356,120281.04,13.2623,120444.2213
227,601865.SH,20200610,14.8106,15.5491,14.5711,14.7906,15.0701,-0.2795000000000005,-1.8547,127060.12,191105.257,14.3794,106001.558,13.8475,101187.831,13.4014,118818.4735,13.1436,119362.5817
228,601865.SH,20200609,14.3016,15.13,14.1319,15.0701,14.2317,0.8384,5.8911,136027.32,199456.116,14.112,100397.15,13.6619,103114.178,13.2951,115944.1445,13.0428,117568.4927
229,601865.SH,20200608,13.7627,14.3415,13.7627,14.2317,13.9523,0.27940000000000076,2.0025,85446.2,121296.561,13.8305,93902.056,13.5062,102880.985,13.1823,112324.802,12.9303,116916.0073
230,601865.SH,20200605,13.7926,14.0222,13.4732,13.9523,13.8525,0.09980000000000011,0.7204,80096.77,110640.527,13.6649,99504.912,13.4054,108627.389,13.111,112724.8865,12.8558,119437.96
231,601865.SH,20200604,13.4533,14.0421,13.4533,13.8525,13.4533,0.39919999999999867,2.9673,101377.38,140879.7,13.4733,98998.97,13.3625,120359.198,13.0606,115085.9295,12.7713,122326.34
232,601865.SH,20200603,13.7726,13.7726,13.3535,13.4533,13.6629,-0.2096,-1.5341,99038.08,134759.302,13.3156,96374.104,13.3245,135370.733,13.0116,114730.204,12.7061,125211.5773
233,601865.SH,20200602,13.5231,13.7726,13.3335,13.6629,13.4034,0.25950000000000095,1.9361,103551.85,141589.641,13.2118,105831.206,13.2627,136840.428,12.9967,116463.0515,12.6459,126175.135
234,601865.SH,20200601,13.094,13.5531,12.9243,13.4034,12.9942,0.40920000000000023,3.1491,113460.48,151069.185,13.1818,111859.914,13.1748,139785.46,12.9558,120080.682,12.567,124766.1103
235,601865.SH,20200529,12.9144,13.0441,12.7147,12.9942,13.0641,-0.06990000000000052,-0.5351,77567.06,100654.536,13.1459,117749.866,13.076,137634.368,12.9143,124648.139,12.4982,124595.9023
236,601865.SH,20200528,12.9144,13.084,12.6848,13.0641,12.9343,0.12979999999999947,1.0035,88253.05,114274.594,13.2517,141719.426,13.0131,137463.453,12.8644,129117.0185,12.4323,124155.717
237,601865.SH,20200527,13.3136,13.3335,12.7746,12.9343,13.5132,-0.5788999999999991,-4.284,146323.59,191443.118,13.3335,174367.362,12.9553,136449.116,12.7916,128449.957,12.3518,122334.503
238,601865.SH,20200526,13.2337,13.5531,13.084,13.5132,13.2237,0.2895000000000003,2.1893,133695.39,178677.108,13.3135,167849.65,12.9283,128774.111,12.7332,124795.65,12.2796,119231.7793
239,601865.SH,20200525,13.6629,13.7627,12.8944,13.2237,13.5231,-0.29940000000000033,-2.214,142910.24,189232.219,13.1678,167711.006,12.8584,121768.619,12.6424,123933.5185,12.1974,116838.5007
240,601865.SH,20200522,13.4134,13.8225,13.2138,13.5231,13.4732,0.04989999999999917,0.3704,197414.86,267694.49,13.0061,157518.87,12.8165,116822.384,12.581,124843.2455,12.1223,114330.3927
241,601865.SH,20200521,12.8245,13.5531,12.4852,13.4732,12.8345,0.6387,4.9764,251492.73,333197.482,12.7746,133207.48,12.7586,109812.661,12.4757,123309.911,12.0404,110542.7343
242,601865.SH,20200520,12.6648,12.9842,12.4752,12.8345,12.7846,0.049900000000000944,0.3903,113735.03,145238.505,12.577,98530.87,12.6988,94089.675,12.3969,120131.9995,11.9526,104215.5663
243,601865.SH,20200519,12.575,13.0341,12.575,12.7846,12.4153,0.3692999999999991,2.9746,133002.17,171081.25,12.5431,89698.572,12.7307,96085.675,12.3375,120842.4885,11.8887,103857.376
244,601865.SH,20200518,12.3056,12.6149,12.106,12.4153,12.3654,0.049900000000000944,0.4035,91949.56,114029.686,12.549,75826.232,12.7367,100375.904,12.2631,117256.4355,11.8119,104222.1697
245,601865.SH,20200515,12.4952,12.6249,12.3155,12.3654,12.4852,-0.11980000000000146,-0.9595,75857.91,94661.244,12.6269,76125.898,12.7527,111661.91,12.2093,118076.6695,11.7377,103162.333
246,601865.SH,20200514,12.6948,12.7547,12.4453,12.4852,12.6648,-0.17959999999999887,-1.4181,78109.68,98466.229,12.7427,86417.842,12.7157,120770.584,12.1419,117501.849,11.6672,103294.1533
247,601865.SH,20200513,12.8046,12.8145,12.575,12.6648,12.8145,-0.14970000000000105,-1.1682,69573.54,88237.289,12.8205,89648.48,12.6279,120450.798,12.0501,115277.1965,11.605,102820.4003
248,601865.SH,20200512,12.8644,12.9643,12.6249,12.8145,12.8046,0.00990000000000002,0.0773,63640.47,81494.079,12.9183,102472.778,12.5381,120817.189,11.9553,114460.6135,11.5358,102602.6783
249,601865.SH,20200511,13.114,13.2138,12.7247,12.8046,12.9443,-0.1396999999999995,-1.0792,93447.89,120806.032,12.9243,124925.576,12.4263,126098.418,11.8669,114373.4415,11.4696,103355.325
250,601865.SH,20200508,12.9543,13.3036,12.7946,12.9443,12.8744,0.06990000000000052,0.5429,127317.63,167011.848,12.8784,147197.922,12.3455,132864.107,11.7751,113084.397,11.394,104225.3463
251,601865.SH,20200507,13.074,13.1439,12.8345,12.8744,13.1539,-0.2795000000000005,-2.1248,94262.87,122234.009,12.6888,155123.326,12.1928,136807.161,11.6813,110907.771,11.3049,104604.0387
252,601865.SH,20200506,12.8545,13.2537,12.7147,13.1539,12.8445,0.3094000000000001,2.4088,133695.03,174884.178,12.4353,151253.116,12.095,146174.324,11.5795,109278.512,11.2513,103931.277
253,601865.SH,20200430,12.6549,13.0641,12.575,12.8445,12.575,0.26950000000000074,2.1431,175904.46,227003.418,12.1578,139161.6,11.9443,145599.302,11.4677,107743.2265,11.1884,102589.1717
254,601865.SH,20200429,12.0361,12.7746,12.0361,12.575,11.9962,0.5787999999999993,4.8249,204809.62,254793.615,11.9283,127271.26,11.7896,134136.967,11.3495,106145.3025,11.1312,99384.2897
255,601865.SH,20200428,11.6369,12.076,11.058,11.9962,11.6069,0.3893000000000004,3.354,166944.65,196726.909,11.8125,118530.292,11.6658,124491.429,11.2302,98912.5445,11.0867,95656.5093
256,601865.SH,20200427,11.8664,11.8764,11.567,11.6069,11.7666,-0.15970000000000084,-1.3572,74911.82,87779.511,11.6968,118490.996,11.568,114233.114,11.1429,94555.938,11.058,93536.892
257,601865.SH,20200424,11.7067,11.8165,11.5271,11.7666,11.6968,0.06980000000000075,0.5967,73237.45,85555.715,11.7547,141095.532,11.4722,110103.595,11.0935,94005.2015,11.0743,94639.2453
258,601865.SH,20200423,11.7766,12.1359,11.6668,11.6968,11.9962,-0.29940000000000033,-2.4958,116452.76,138543.374,11.7307,152037.004,11.3724,108104.038,11.0346,93495.423,11.088,94610.9573
259,601865.SH,20200422,11.3774,12.0461,11.2776,11.9962,11.4173,0.5789000000000009,5.0704,161104.78,189190.383,11.6509,141002.674,11.3076,102648.465,10.9912,91983.7785,11.1179,94527.7903
260,601865.SH,20200421,11.6668,11.7367,11.2776,11.4173,11.8964,-0.47910000000000075,-4.0273,166748.17,190717.447,11.5191,130452.566,11.2048,93304.687,10.9183,89905.966,11.1405,93680.3557
261,601865.SH,20200420,12.3754,12.7048,11.7367,11.8964,11.6469,0.2494999999999994,2.1422,187934.5,225064.649,11.4393,109975.232,11.1698,85008.381,10.8609,88502.4775,11.1698,93512.4567
262,601865.SH,20200417,11.5271,12.076,11.5171,11.6469,11.2976,0.3493000000000013,3.0918,127944.81,150015.353,11.1898,79111.658,11.064,72382.7,10.8295,82809.7535,11.2154,92175.9443
263,601865.SH,20200416,11.2177,11.4273,11.2077,11.2976,11.3375,-0.03990000000000116,-0.3519,61281.11,69402.476,11.0141,64171.072,10.9912,69887.151,10.8105,81084.1065,11.2853,93586.105
264,601865.SH,20200415,11.0381,11.5171,10.9882,11.3375,11.0181,0.3193999999999999,2.8989,108354.24,122690.67,10.9642,64294.256,10.9093,78153.638,10.802,82007.951,11.3528,94578.2153
265,601865.SH,20200414,10.7187,11.058,10.7187,11.0181,10.6489,0.3692000000000011,3.467,64361.5,70651.983,10.8904,56156.808,10.7946,73333.66,10.7971,81239.0495,11.4183,95303.0337
266,601865.SH,20200413,10.7686,10.7686,10.589,10.6489,10.7686,-0.11969999999999992,-1.1116,33616.63,35922.231,10.9004,60041.53,10.7177,74878.762,10.8031,83188.781,11.4909,97305.1193
267,601865.SH,20200410,11.0481,11.078,10.6988,10.7686,11.0481,-0.2795000000000005,-2.5298,53241.88,57721.729,10.9383,65653.742,10.7147,77906.808,10.8754,86907.0705,11.5634,101488.6503
268,601865.SH,20200409,10.9982,11.1479,10.9383,11.0481,10.9682,0.0799000000000003,0.7285,61897.03,68501.581,10.9682,75603.23,10.6968,78886.808,10.9458,87864.417,11.6785,103365.6253
269,601865.SH,20200408,10.9782,11.1179,10.8385,10.9682,11.068,-0.09980000000000011,-0.9017,67667.0,74136.581,10.8544,92013.02,10.6748,81319.092,11.0231,90467.453,11.7883,106469.127
270,601865.SH,20200407,11.0381,11.2576,10.9982,11.068,10.8385,0.22949999999999982,2.1175,83785.11,93217.598,10.6988,90510.512,10.6319,86507.245,11.1084,93868.19,11.9333,108203.9313
271,601865.SH,20200403,11.0281,11.078,10.7487,10.8385,10.9183,-0.07980000000000054,-0.7309,61677.69,67115.465,10.5351,89715.994,10.552,91996.574,11.1698,97764.4945,12.0817,109168.1223
272,601865.SH,20200402,10.4991,10.9383,10.2796,10.9183,10.4792,0.4390999999999998,4.1902,102989.32,111157.04,10.4912,90159.874,10.595,93236.807,11.2911,102072.5665,12.24,110541.3537
273,601865.SH,20200401,10.1997,11.078,10.1299,10.4792,10.1898,0.28940000000000055,2.8401,143945.98,152642.05,10.4253,82170.386,10.6299,92281.062,11.4323,105435.582,12.398,110715.5843
274,601865.SH,20200331,10.4293,10.4293,10.1598,10.1898,10.2496,-0.05979999999999919,-0.5834,60154.46,62010.041,10.4952,70625.164,10.6948,85862.264,11.5745,102790.504,12.5644,110161.293
275,601865.SH,20200330,10.579,10.579,10.1997,10.2496,10.6189,-0.36930000000000085,-3.4778,79812.52,82423.316,10.565,82503.978,10.7995,89144.439,11.7302,106287.7205,12.7493,113838.6013
276,601865.SH,20200327,10.7387,10.8984,10.4792,10.6189,10.589,0.029899999999999594,0.2824,63897.09,68395.19,10.569,94277.154,10.8884,91498.8,11.8774,108518.298,12.9084,115674.0607
277,601865.SH,20200326,10.8285,10.8485,10.559,10.589,10.8285,-0.2394999999999996,-2.2118,63041.88,67589.64,10.6988,96313.74,11.0361,95907.333,11.9877,113279.5715,13.0368,119422.8847
278,601865.SH,20200325,10.7087,10.9283,10.6888,10.8285,10.5391,0.28940000000000055,2.746,86219.87,93546.742,10.8345,102391.738,11.1948,96842.026,12.1693,115605.034,13.1891,128505.8763
279,601865.SH,20200324,10.2995,10.8485,10.2397,10.5391,10.2696,0.26949999999999896,2.6243,119548.53,126248.031,10.8944,101099.364,11.3714,99615.814,12.345,119044.1445,13.3289,134685.9533
280,601865.SH,20200323,10.8285,10.9782,10.1798,10.2696,11.2676,-0.9979999999999993,-8.8573,138678.4,145917.542,11.0341,95784.9,11.585,101229.135,12.584,119052.2745,13.4327,135137.1537
281,601865.SH,20200320,11.3275,11.4572,10.9682,11.2676,11.2676,0.0,0.0,74080.02,82942.713,11.2077,88720.446,11.7876,103532.415,12.8465,117753.8965,13.5494,136403.847
282,601865.SH,20200319,11.1279,11.3574,10.9283,11.2676,11.1279,0.1396999999999995,1.2554,93431.87,104581.247,11.3734,95500.926,11.9872,110908.326,13.0626,119193.627,13.599,137509.9223
283,601865.SH,20200318,11.4772,11.7567,11.1279,11.1279,11.2377,-0.1097999999999999,-0.9771,79758.0,91648.34,11.5551,91292.314,12.2347,118590.102,13.2821,119932.8455,13.6429,138018.4967
284,601865.SH,20200317,11.577,11.577,10.7287,11.2377,11.1379,0.09980000000000011,0.896,92976.21,104193.377,11.8485,98132.264,12.4543,119718.744,13.4992,122310.8075,13.6762,138536.601
285,601865.SH,20200316,12.1658,12.3255,11.0381,11.1379,12.096,-0.9581,-7.9208,103356.13,120204.137,12.1359,106673.37,12.6609,123431.002,13.7242,126185.6825,13.7015,139882.139
286,601865.SH,20200313,11.567,12.2557,11.3275,12.096,12.1758,-0.07980000000000054,-0.6554,107982.42,127279.207,12.3674,118344.384,12.8665,125537.796,13.9184,127761.691,13.7231,136845.7347
287,601865.SH,20200312,12.4353,12.4952,12.0062,12.1758,12.595,-0.4192,-3.3283,72388.81,88721.537,12.601,126315.726,12.9393,130651.81,14.0371,131180.6605,13.7563,137455.185
288,601865.SH,20200311,12.8046,13.1738,12.4353,12.595,12.6748,-0.07979999999999876,-0.6296,113957.75,146356.647,12.9144,145887.89,13.1439,134368.042,14.1863,144337.8015,13.8152,139621.447
289,601865.SH,20200310,11.9363,12.7247,11.8265,12.6748,12.2956,0.3791999999999991,3.084,135681.74,167193.91,13.0601,141305.224,13.3185,138472.475,14.3076,152221.023,13.8488,139607.1243
290,601865.SH,20200309,12.8445,13.0241,12.2157,12.2956,13.2637,-0.9680999999999997,-7.2989,161711.2,202231.995,13.1858,140188.634,13.583,136875.414,14.3565,152091.163,13.8984,138223.1723
291,601865.SH,20200306,13.4333,13.4333,13.0441,13.2637,13.7427,-0.4789999999999992,-3.4855,147839.13,195742.062,13.3655,132731.208,13.9054,131975.378,14.4303,152839.563,13.9596,135308.133
292,601865.SH,20200305,13.7028,14.1519,13.4333,13.7427,13.3235,0.4192,3.1463,170249.63,234628.06,13.2776,134987.894,14.1379,127478.928,14.4049,150810.7205,13.9932,132559.505
293,601865.SH,20200304,13.1738,13.3834,12.9243,13.3235,13.3036,0.019899999999999807,0.1496,91044.42,120167.811,13.3734,122848.194,14.3295,121275.589,14.347,147732.694,14.0178,130619.34
294,601865.SH,20200303,13.3535,13.7227,13.074,13.3036,13.1938,0.1097999999999999,0.8322,130098.79,174876.727,13.577,135639.726,14.5441,124902.871,14.2871,147945.5295,14.0541,131608.1113
295,601865.SH,20200302,13.1339,13.4333,12.8345,13.1938,12.8245,0.3692999999999991,2.8796,124424.07,163455.422,13.9802,133562.194,14.7876,128940.363,14.2218,148107.7075,14.09,132183.4947
296,601865.SH,20200228,13.7726,13.7726,12.8046,12.8245,14.2218,-1.3972999999999995,-9.8251,159122.56,209700.687,14.4453,131219.548,14.9703,129985.586,14.1514,142499.704,14.1223,132412.0843
297,601865.SH,20200227,14.6409,14.7507,14.082,14.2218,14.3415,-0.11969999999999992,-0.8346,109551.13,157395.12,14.9982,119969.962,15.1349,131709.511,14.1649,140856.8725,14.1732,133662.7397
298,601865.SH,20200226,15.0701,15.2697,14.1719,14.3415,15.3196,-0.9780999999999995,-6.3846,155002.08,226416.819,15.2856,119702.984,15.2288,154307.561,14.1509,142248.1495,14.1918,140265.0313
299,601865.SH,20200225,15.1799,15.5092,14.621,15.3196,15.5192,-0.19960000000000022,-1.2861,119711.13,181315.073,15.5112,114166.016,15.2966,165969.571,14.114,140174.449,14.1961,142309.5833
300,601865.SH,20200224,15.5491,15.9383,15.2697,15.5192,15.589,-0.06980000000000075,-0.4478,112710.84,175722.232,15.595,124318.532,15.13,167306.912,14.0561,138897.0515,14.1326,145384.4557
301,601865.SH,20200221,15.629,16.0082,15.4892,15.589,15.6589,-0.06989999999999874,-0.4464,102874.63,161759.922,15.4952,128751.624,14.9553,173703.748,13.9867,136974.5105,14.0444,148083.9297
302,601865.SH,20200220,15.6689,15.9184,15.1599,15.6589,15.4693,0.18959999999999866,1.2257,108216.24,168396.649,15.2717,143449.06,14.6719,174142.513,13.9209,135099.7935,13.9397,151193.9113
303,601865.SH,20200219,15.6988,16.0182,15.3296,15.4693,15.7387,-0.2693999999999992,-1.7117,127317.24,199758.928,15.1719,188912.138,14.3645,174189.799,13.862,135291.2155,13.8212,153910.133
304,601865.SH,20200218,15.0601,15.8485,14.8804,15.7387,15.0202,0.7184999999999988,4.7836,170473.71,264637.159,15.0821,217773.126,14.0301,170988.188,13.8091,134960.7315,13.7141,159721.963
305,601865.SH,20200217,14.4713,15.1499,14.082,15.0202,14.4713,0.5489000000000015,3.793,134876.3,199487.254,14.6649,210295.292,13.6559,167275.052,13.7412,133805.0605,13.5897,165342.8357
306,601865.SH,20200214,14.5411,15.0601,14.3016,14.4713,15.1599,-0.688600000000001,-4.5422,176361.81,258819.969,14.4154,218655.872,13.3325,155013.822,13.6983,133625.3335,13.4849,171665.5827
307,601865.SH,20200213,15.5292,16.5272,14.9703,15.1599,15.0202,0.1396999999999995,0.9301,335531.63,526365.429,14.0721,204835.966,13.1948,150004.234,13.6923,134639.354,13.3904,173671.259
308,601865.SH,20200212,14.4713,15.0202,14.2417,15.0202,13.6529,1.3673000000000002,10.0147,271622.18,400627.445,13.5571,159467.46,13.073,130188.738,13.6733,133243.7665,13.2377,165968.136
309,601865.SH,20200211,13.7527,14.3715,13.3235,13.6529,13.7726,-0.11969999999999992,-0.8691,133084.54,181952.678,12.9782,124203.25,12.9313,114379.327,13.6459,130479.5895,13.087,163591.3403
310,601865.SH,20200210,12.6648,14.0321,12.5251,13.7726,12.7547,1.017900000000001,7.9806,176679.2,242003.293,12.6469,124254.812,12.9822,110487.191,13.6339,134423.2275,13.0183,170129.0293
311,601865.SH,20200207,12.9243,12.9243,12.2357,12.7547,12.585,0.16969999999999885,1.3484,107262.28,135328.399,12.2497,91371.772,13.0182,100245.273,13.589,135274.0205,12.9327,169058.047
312,601865.SH,20200206,12.575,12.8245,12.0361,12.585,12.1259,0.4591000000000012,3.7861,108689.1,135974.762,12.3175,95172.502,13.1699,96057.074,13.5735,139719.6105,12.878,172190.6957
313,601865.SH,20200205,12.1159,12.5351,11.9862,12.1259,11.9962,0.1296999999999997,1.0812,95301.13,116827.813,12.589,100910.016,13.3595,96392.632,13.5496,143770.3,12.8217,174171.4147
314,601865.SH,20200204,10.7487,12.2257,10.7487,11.9962,11.7866,0.2096,1.7783,133342.35,158180.892,12.8844,104555.404,13.588,98933.275,13.5561,154088.8505,12.7811,177209.8883
315,601865.SH,20200203,11.7866,11.7866,11.7866,11.7866,13.094,-1.3073999999999995,-9.9847,12264.0,14483.784,13.3176,96719.57,13.8265,100335.069,13.5566,164376.7275,12.7324,176923.6477
316,601865.SH,20200123,14.0721,14.112,12.8545,13.094,13.9423,-0.8483,-6.0844,126265.93,169677.093,13.7866,109118.774,14.0641,112236.845,13.5611,179991.463,12.6865,182184.066
317,601865.SH,20200122,13.593,14.1519,13.3934,13.9423,13.603,0.3392999999999997,2.4943,137376.67,190302.116,14.0222,96941.646,14.1898,119274.474,13.4882,185504.7715,12.6119,184780.6103
318,601865.SH,20200121,14.3715,14.5212,13.573,13.603,14.1619,-0.5588999999999995,-3.9465,113528.07,157021.849,14.1299,91875.248,14.2736,136298.795,13.3201,183857.835,12.5047,186676.394
319,601865.SH,20200120,14.1319,14.2717,13.7128,14.1619,14.1319,0.02999999999999936,0.2123,94163.18,132609.742,14.2916,93311.146,14.3605,146579.852,13.1649,188197.347,12.4178,190282.8473
320,601865.SH,20200117,14.0621,14.6309,14.0521,14.1319,14.2717,-0.13979999999999926,-0.9796,74260.02,106368.845,14.3355,103950.568,14.2856,158359.264,13.0364,199949.9485,12.3122,197020.9757
321,601865.SH,20200116,14.3415,14.6309,14.2317,14.2717,14.4812,-0.20950000000000024,-1.4467,65380.29,94074.661,14.3415,115354.916,14.1599,170302.768,12.89,203464.434,12.2106,206990.3743
322,601865.SH,20200115,14.0521,14.7108,14.0521,14.4812,14.4114,0.06979999999999897,0.4843,112044.68,162539.337,14.3575,141607.302,13.9772,183382.147,12.7321,210257.5065,12.0819,210900.045
323,601865.SH,20200114,14.3415,14.611,14.122,14.4114,14.3814,0.030000000000001137,0.2086,120707.56,174153.067,14.4174,180722.342,13.7397,191147.968,12.5529,213060.806,11.9504,216937.0593
324,601865.SH,20200113,14.1519,14.4513,13.603,14.3814,14.1619,0.21950000000000003,1.5499,147360.29,209107.816,14.4293,199848.558,13.5242,209244.426,12.3776,216348.195,11.8083,222025.6717
325,601865.SH,20200110,14.5711,14.5711,14.082,14.1619,14.3515,-0.18960000000000043,-1.3211,131281.76,187704.947,14.2357,212767.96,13.2866,228418.386,12.1854,215217.937,11.6524,222177.9227
326,601865.SH,20200109,14.4214,15.1599,14.2717,14.3515,14.7806,-0.42910000000000004,-2.9031,196642.22,287411.444,13.9782,225250.62,13.0581,247746.081,11.9977,217157.6765,11.4967,221974.6973
327,601865.SH,20200108,14.591,15.0701,13.7826,14.7806,14.4713,0.30930000000000035,2.1373,307619.88,443672.703,13.597,225156.992,12.7866,251735.069,11.8229,217533.6785,11.342,221747.1013
328,601865.SH,20200107,13.7627,14.6309,13.7627,14.4713,13.4134,1.0579,7.8869,216338.64,310125.724,13.0621,201573.594,12.3665,231416.875,11.6202,211865.1935,11.1684,219198.67
329,601865.SH,20200106,12.7347,13.7527,12.4752,13.4134,12.8744,0.5389999999999997,4.1866,211957.3,283667.693,12.619,218640.294,11.9692,229814.842,11.4464,212134.345,11.0244,224950.0483
330,601865.SH,20200103,12.5151,13.0142,12.4453,12.8744,12.4453,0.42910000000000004,3.4479,193695.06,248237.527,12.3375,244068.812,11.7871,241540.633,11.3255,216351.8315,10.9013,224107.5727
331,601865.SH,20200102,12.4054,12.7147,12.066,12.4453,12.106,0.3392999999999997,2.8027,196174.08,244628.268,12.1379,270241.542,11.6201,236626.1,11.236,225334.1775,10.7667,219359.526
332,601865.SH,20191231,12.2956,12.5052,11.9762,12.106,12.2557,-0.14969999999999928,-1.2215,189702.89,231399.156,11.9762,278313.146,11.487,237132.866,11.1342,224658.994,10.6497,214232.1567
333,601865.SH,20191230,12.0062,12.8445,11.9962,12.2557,12.0062,0.2494999999999994,2.0781,301672.14,376566.818,11.6708,261260.156,11.366,234973.644,11.0557,229831.605,10.546,209626.8627
334,601865.SH,20191227,11.9463,12.8944,11.7067,12.0062,11.8764,0.12979999999999947,1.0929,339099.89,415317.155,11.3195,240989.39,11.231,223451.964,10.9504,228416.2945,10.4327,200680.5653
335,601865.SH,20191226,12.096,12.096,11.5271,11.8764,11.6369,0.2394999999999996,2.0581,324558.71,383876.026,11.2367,239012.454,11.0841,202017.488,10.8352,219057.691,10.3273,190578.869
336,601865.SH,20191225,10.6389,11.6369,10.6389,11.6369,10.579,1.0579,10.0,236532.1,270789.039,11.1023,203010.658,10.9373,186569.272,10.716,209089.0055,10.231,181203.103
337,601865.SH,20191224,10.4991,10.7487,10.4492,10.579,10.4991,0.0799000000000003,0.761,104437.94,111039.051,10.9978,195952.586,10.8592,183332.288,10.6198,206753.1175,10.1386,174730.195
338,601865.SH,20191223,11.1279,11.2077,10.4393,10.4991,11.597,-1.0978999999999992,-9.4671,200318.31,215313.176,11.0612,208687.132,10.874,192313.512,10.5694,213089.5675,10.0825,172584.045
339,601865.SH,20191220,11.3336,12.1694,11.3037,11.5923,11.2042,0.38809999999999967,3.4639,329215.21,389195.827,11.1425,205914.538,10.9236,194453.848,10.5519,222517.6515,10.0294,168321.8833
340,601865.SH,20191219,11.0649,11.2241,10.9156,11.2042,11.1146,0.08960000000000079,0.8061,144549.73,160667.804,10.9315,165022.522,10.8639,191163.03,10.4584,215391.0425,9.9504,158788.717
341,601865.SH,20191218,10.846,11.1943,10.7365,11.1146,10.8957,0.21889999999999965,2.009,201241.74,222706.472,10.7723,170127.886,10.8519,214042.255,10.34,210726.239,9.8851,155791.2593
342,601865.SH,20191217,10.9455,11.0848,10.7763,10.8957,10.9057,-0.009999999999999787,-0.0917,168110.67,183980.773,10.7206,170711.99,10.7813,212185.122,10.231,202781.802,9.8244,150742.1567
343,601865.SH,20191216,10.5972,11.045,10.4679,10.9057,10.5375,0.36819999999999986,3.4942,186455.34,203325.513,10.6868,175939.892,10.7455,224689.566,10.136,196953.472,9.7707,146604.397
344,601865.SH,20191213,10.5972,10.637,10.4082,10.5375,10.4082,0.12929999999999886,1.2423,124755.13,132039.942,10.7047,182993.158,10.6699,233380.625,10.0335,189294.866,9.7159,141957.4683
345,601865.SH,20191212,10.7465,10.7465,10.3485,10.4082,10.8559,-0.4476999999999993,-4.124,170076.55,179353.654,10.7962,217303.538,10.5863,236097.894,9.9489,184859.5595,9.6735,139566.1937
346,601865.SH,20191211,10.7067,11.0848,10.5873,10.8559,10.7266,0.12930000000000064,1.2054,204162.26,222352.829,10.9315,257956.624,10.4947,231608.739,9.8778,178520.0185,9.63,136054.3607
347,601865.SH,20191210,10.8957,10.8957,10.4778,10.7266,10.9952,-0.26860000000000106,-2.4429,194250.18,207867.775,10.842,253658.254,10.3803,230173.947,9.7783,170429.1485,9.5793,131133.6713
348,601865.SH,20191209,10.8957,11.2341,10.8161,10.9952,10.9952,0.0,0.0,221721.67,245025.022,10.8042,273439.24,10.2649,233865.623,9.6868,162719.3115,9.5375,127407.3713
349,601865.SH,20191206,11.035,11.2241,10.6768,10.9952,11.0848,-0.08959999999999901,-0.8083,296307.03,325584.922,10.635,283768.092,10.1803,250581.455,9.5823,155255.901,9.4964,122858.9627
350,601865.SH,20191205,10.4778,11.453,10.3186,11.0848,10.4082,0.6765999999999988,6.5006,373341.98,411858.691,10.3763,254892.25,10.0529,239619.055,9.4937,142601.5605,9.4566,117443.0893
351,601865.SH,20191204,10.3385,10.6072,10.1893,10.4082,10.5375,-0.12929999999999886,-1.227,182670.41,190221.929,10.0579,205260.854,9.8281,207410.223,9.4017,126665.7615,9.4068,107615.4493
352,601865.SH,20191203,10.3982,10.846,10.2092,10.5375,10.1495,0.3879999999999999,3.8228,293155.11,310738.961,9.9186,206689.64,9.6808,193378.482,9.346,120020.674,9.3776,103636.147
353,601865.SH,20191202,9.8808,10.5873,9.8808,10.1495,9.7017,0.4477999999999991,4.6157,273365.93,280063.252,9.7256,194292.006,9.5266,169217.378,9.2833,107561.8125,9.3455,95640.8013
354,601865.SH,20191129,9.5126,9.831,9.3932,9.7017,9.4927,0.2090000000000014,2.2017,151927.82,147917.245,9.7256,217394.818,9.3972,145209.107,9.239,96245.89,9.3242,89061.502
355,601865.SH,20191128,9.5325,9.8211,9.4629,9.4927,9.7116,-0.21890000000000143,-2.254,125185.0,120769.321,9.7295,224345.86,9.3116,133621.225,9.2171,91300.3435,9.3209,87323.4643
356,601865.SH,20191127,9.5425,9.7813,9.2738,9.7116,9.5723,0.13930000000000042,1.4552,189814.34,181329.517,9.5982,209559.592,9.2609,125431.298,9.1977,88277.1715,9.3246,87782.927
357,601865.SH,20191126,9.8509,9.9803,9.5524,9.5723,10.1495,-0.5771999999999995,-5.687,231166.94,225648.689,9.443,180067.324,9.1763,110684.35,9.1788,81613.5335,9.3339,86567.0873
358,601865.SH,20191125,10.0101,10.3087,9.8111,10.1495,9.7216,0.4278999999999993,4.4015,388879.99,392980.947,9.3276,144142.75,9.1086,91573.0,9.1738,74178.2455,9.364,83291.2823
359,601865.SH,20191122,8.836,9.7216,8.836,9.7216,8.836,0.8856000000000002,10.0226,186683.03,178479.147,9.0688,73023.396,8.9842,59930.347,9.1544,58997.7165,9.368,73668.605
360,601865.SH,20191121,8.9554,8.9554,8.7862,8.836,8.9355,-0.09949999999999903,-1.1135,51253.66,45505.412,8.8937,42896.59,8.9345,45584.066,9.1584,56355.1065,9.3829,70436.5
361,601865.SH,20191120,9.035,9.045,8.8658,8.9355,8.9952,-0.0597000000000012,-0.6637,42353.0,38140.618,8.9236,41303.004,8.9753,45921.3,9.1962,57718.0625,9.4367,70811.9707
362,601865.SH,20191119,8.8559,8.9952,8.8061,8.9952,8.8559,0.13930000000000042,1.573,51544.07,46298.227,8.9096,41301.376,9.0111,46662.866,9.2261,58764.9795,9.4864,71251.0473
363,601865.SH,20191118,8.8459,8.9455,8.8061,8.8559,8.8459,0.009999999999999787,0.113,33283.22,29671.193,8.8897,39003.25,9.04,45906.247,9.2549,58852.513,9.5299,71943.2673
364,601865.SH,20191115,8.9853,8.9952,8.836,8.8459,8.9853,-0.1394000000000002,-1.5514,36049.0,32234.999,8.8997,46837.298,9.0808,47282.673,9.2877,60987.6995,9.5707,73443.0937
365,601865.SH,20191114,8.8658,8.9952,8.8161,8.9853,8.8658,0.11950000000000038,1.3479,43285.73,38862.962,8.9753,48271.542,9.1226,48979.462,9.3256,64174.584,9.6284,75023.0987
366,601865.SH,20191113,8.8758,9.0151,8.826,8.8658,8.8957,-0.029899999999999594,-0.3361,42344.86,37924.662,9.027,50539.596,9.1345,51123.045,9.3564,68958.7415,9.6748,75957.603
367,601865.SH,20191112,8.8559,8.9554,8.7663,8.8957,8.9056,-0.00990000000000002,-0.1112,40053.44,35679.59,9.1126,52024.356,9.1813,52542.717,9.4126,74508.456,9.7249,77299.7483
368,601865.SH,20191111,9.1544,9.1644,8.8061,8.9056,9.2241,-0.3185000000000002,-3.4529,72453.46,65147.512,9.1902,52809.244,9.239,56783.491,9.4917,79150.4235,9.7869,79580.5453
369,601865.SH,20191108,9.234,9.3037,9.2241,9.2241,9.244,-0.019899999999999807,-0.2153,43220.22,40225.343,9.2619,47728.048,9.3246,58065.086,9.5599,80537.734,9.8423,81171.773
370,601865.SH,20191107,9.2937,9.3733,9.2241,9.244,9.2937,-0.04969999999999963,-0.5348,54626.0,50864.453,9.2699,49687.382,9.3823,67126.147,9.6072,82862.717,9.903,83824.072
371,601865.SH,20191106,9.2838,9.4131,9.2042,9.2937,9.2838,0.00990000000000002,0.1066,49768.66,46471.39,9.242,51706.494,9.4171,69514.825,9.6674,83257.306,9.964,84779.2443
372,601865.SH,20191105,9.234,9.3236,9.1743,9.2838,9.2639,0.019899999999999807,0.2148,43977.88,40989.718,9.25,53061.078,9.441,70867.093,9.7241,83545.138,10.0244,86626.9897
373,601865.SH,20191104,9.3733,9.3932,9.234,9.2639,9.2639,0.0,0.0,47047.48,43958.889,9.2878,60757.738,9.4698,71798.779,9.7748,84961.7775,10.0868,90971.4207
374,601865.SH,20191101,9.1146,9.3236,9.0947,9.2639,9.1047,0.15920000000000023,1.7485,53016.89,49147.566,9.3873,68402.124,9.4947,74692.726,9.8156,86523.304,10.1664,98830.147
375,601865.SH,20191031,9.3534,9.4131,9.0649,9.1047,9.3335,-0.22880000000000145,-2.4514,64721.56,59914.368,9.4947,84564.912,9.5285,79369.706,9.8813,88044.917,10.2456,106750.0653
376,601865.SH,20191030,9.5524,9.5524,9.3037,9.3335,9.4728,-0.13929999999999865,-1.4705,56541.58,53293.431,9.5922,87323.156,9.5783,86794.438,9.945,88374.882,10.31,109676.079
377,601865.SH,20191029,9.6718,9.7315,9.4728,9.4728,9.7614,-0.28860000000000063,-2.9565,82461.18,79321.82,9.632,88673.108,9.644,96474.195,9.9967,89678.264,10.3737,115160.7493
378,601865.SH,20191028,9.3932,9.7713,9.3932,9.7614,9.8012,-0.03979999999999961,-0.4061,85269.41,82798.553,9.6519,82839.82,9.7445,101517.356,10.0609,90979.0725,10.4287,117481.035
379,601865.SH,20191025,9.9803,10.1196,9.6818,9.8012,9.5922,0.20899999999999963,2.1789,133830.83,132548.31,9.6022,80983.328,9.7952,103010.382,10.1012,92725.1165,10.4692,120202.519
380,601865.SH,20191024,9.5524,9.8111,9.5425,9.5922,9.5325,0.05969999999999942,0.6263,78512.78,76186.507,9.5624,74174.5,9.832,98599.287,10.1634,92173.0345,10.505,122044.9863
381,601865.SH,20191023,9.5524,9.632,9.433,9.5325,9.5723,-0.03979999999999961,-0.4158,63291.34,60545.043,9.5644,86265.72,9.9176,96999.787,10.2375,92411.454,10.5458,125266.1427
382,601865.SH,20191022,9.5126,9.5922,9.4728,9.5723,9.5126,0.05969999999999942,0.6276,53294.74,51099.502,9.6559,104275.282,10.0072,96223.183,10.3161,94506.938,10.5876,128851.794
383,601865.SH,20191021,9.5823,9.5823,9.3037,9.5126,9.6022,-0.08959999999999901,-0.9331,75986.95,71774.036,9.837,120194.892,10.0798,98124.776,10.3952,100557.7415,10.6247,134869.6313
384,601865.SH,20191018,9.6022,9.6519,9.3733,9.6022,9.6022,0.0,0.0,99786.69,95251.229,9.9883,125037.436,10.1365,98353.882,10.5022,110898.8575,10.6533,141119.5307
385,601865.SH,20191017,9.9604,10.05,9.3733,9.6022,9.9902,-0.3879999999999999,-3.8838,138968.88,134915.388,10.1017,123024.074,10.234,96720.128,10.6042,120440.245,10.6961,144448.3777
386,601865.SH,20191016,10.4679,10.4679,9.9007,9.9902,10.4778,-0.4876000000000005,-4.6536,153339.15,156417.374,10.2709,107733.854,10.3117,89955.326,10.6758,121116.8995,10.7445,151737.0967
387,601865.SH,20191015,10.2191,10.5972,10.1196,10.4778,10.2689,0.20889999999999986,2.0343,132892.79,138682.563,10.3584,88171.084,10.3495,82882.333,10.7385,124504.0265,10.7969,158978.2663
388,601865.SH,20191014,10.2987,10.3684,10.1495,10.2689,10.1694,0.09950000000000081,0.9784,100199.67,103214.309,10.3226,76054.66,10.3773,80440.789,10.7709,125462.8745,10.834,169788.8647
389,601865.SH,20191011,10.448,10.5077,10.1495,10.1694,10.448,-0.27860000000000085,-2.6665,89719.88,92246.153,10.2848,71670.328,10.4072,82439.851,10.8062,128798.5875,10.8782,176912.818
390,601865.SH,20191010,10.3883,10.6072,10.3684,10.448,10.4281,0.019899999999999807,0.1908,62517.78,65697.022,10.3664,70416.182,10.4947,85746.782,10.8415,133767.836,10.8904,194564.1187
391,601865.SH,20191009,10.2888,10.4977,10.1793,10.4281,10.2987,0.1294000000000004,1.2565,55525.3,57961.689,10.3524,72176.798,10.5574,87823.121,10.8599,139399.3205,10.8815,203644.6733
392,601865.SH,20191008,10.1097,10.4281,10.0699,10.2987,10.0798,0.21889999999999965,2.1717,72310.67,74779.807,10.3405,77593.582,10.6251,92790.693,10.8778,145166.0995,10.8423,205986.7267
393,601865.SH,20190930,10.5475,10.5574,10.05,10.0798,10.5773,-0.4974999999999987,-4.7035,78278.01,80933.42,10.432,84826.918,10.7106,102990.707,10.8972,153242.059,10.8062,208672.112
394,601865.SH,20190927,10.3982,10.6072,10.2589,10.5773,10.3783,0.19899999999999984,1.9175,83449.15,88110.646,10.5296,93209.374,10.8679,123443.833,10.9116,162502.355,10.7707,209970.7823
395,601865.SH,20190926,10.3485,10.5773,10.2291,10.3783,10.3684,0.00990000000000002,0.0955,71320.86,74457.875,10.6231,101077.382,10.9743,144160.362,10.9271,168312.5025,10.7206,210951.856
396,601865.SH,20190925,10.7564,10.7564,10.3485,10.3684,10.7564,-0.3879999999999999,-3.6072,82609.22,86991.638,10.7624,103469.444,11.04,152278.473,10.9609,182627.982,10.6788,213096.311
397,601865.SH,20190924,10.5375,10.8559,10.5276,10.7564,10.5674,0.18900000000000006,1.7885,108477.35,117201.981,10.9097,107987.804,11.1276,166125.72,11.0206,197026.233,10.6367,218665.236
398,601865.SH,20190923,10.9256,10.9256,10.4679,10.5674,11.045,-0.4776000000000007,-4.3241,120190.29,127998.792,10.9893,121154.496,11.1644,170484.96,11.0624,214462.9025,10.5919,221940.2723
399,601865.SH,20190920,11.1345,11.4729,11.045,11.045,11.0748,-0.029799999999999827,-0.2691,122789.19,138679.132,11.2062,153678.292,11.2052,175157.324,11.1136,224149.3015,10.5249,219989.4867
400,601865.SH,20190919,11.2241,11.2241,10.9654,11.0748,11.1047,-0.029899999999999594,-0.2693,83281.17,92780.474,11.3256,187243.342,11.1883,181788.89,11.0883,248972.787,10.446,217754.97
401,601865.SH,20190918,11.1744,11.1943,10.7664,11.1047,11.1544,-0.04970000000000141,-0.4456,105201.02,116245.934,11.3176,201087.502,11.1624,190975.52,11.0435,261555.4495,10.367,218191.8283
402,601865.SH,20190917,11.4928,11.5923,10.9952,11.1544,11.652,-0.4975999999999985,-4.2705,174310.81,196833.663,11.3455,224263.636,11.1305,197541.506,10.951,262584.7435,10.2961,219271.9403
403,601865.SH,20190916,11.7515,12.2191,11.5823,11.652,11.642,0.009999999999999787,0.0859,282809.27,335080.202,11.3395,219815.424,11.0838,203493.411,10.8539,261512.8145,10.2181,216814.6133
404,601865.SH,20190912,11.0052,11.7117,10.9156,11.642,11.035,0.6069999999999993,5.5007,290614.44,332478.245,11.2042,196636.356,10.9554,201560.877,10.7221,253234.257,10.1176,210215.535
405,601865.SH,20190911,11.2241,11.3734,11.035,11.035,11.244,-0.20899999999999963,-1.8588,152501.97,171231.009,11.0509,176334.438,10.8798,192464.643,10.5937,244347.603,10.0261,201908.3517
406,601865.SH,20190910,11.1943,11.3734,10.7962,11.244,11.1246,0.11940000000000062,1.0733,221081.69,246540.001,11.0072,180863.538,10.8818,212977.491,10.4982,243505.23,9.9564,198614.698
407,601865.SH,20190909,10.9952,11.1345,10.8758,11.1246,10.9753,0.14929999999999843,1.3603,152069.75,168263.132,10.9156,170819.376,10.9136,227926.746,10.3913,244934.994,9.8844,192766.8217
408,601865.SH,20190906,11.1246,11.254,10.8659,10.9753,10.8758,0.09950000000000081,0.9149,166913.93,184358.375,10.8281,187171.398,10.9604,258440.845,10.3057,247667.9285,9.8161,189449.6353
409,601865.SH,20190905,10.8161,11.045,10.6967,10.8758,10.8161,0.05969999999999942,0.552,189104.85,207089.833,10.7067,206485.398,11.0221,273141.279,10.1848,242405.568,9.7571,186809.6697
410,601865.SH,20190904,10.6669,11.0748,10.5972,10.8161,10.7863,0.029799999999999827,0.2763,175147.47,191094.088,10.7087,208594.848,10.9883,316156.684,10.0748,235738.01,9.6924,182042.2413
411,601865.SH,20190903,10.7266,10.9256,10.5574,10.7863,10.6868,0.09950000000000081,0.9311,170860.88,184647.852,10.7564,245091.444,10.9246,332135.379,9.9694,231799.9825,9.6308,178249.2567
412,601865.SH,20190902,10.4778,10.9256,10.2987,10.6868,10.3684,0.31840000000000046,3.0709,233829.86,249592.05,10.9117,285034.116,10.7714,327627.981,9.8788,230137.1575,9.5673,174395.4327
413,601865.SH,20190830,10.9554,10.9952,10.2191,10.3684,10.8858,-0.5174000000000003,-4.753,263483.93,279727.766,11.0928,329710.292,10.6241,319532.218,9.7853,223475.2145,9.5054,170468.076
414,601865.SH,20190829,11.1345,11.2341,10.8161,10.8858,11.0549,-0.16910000000000025,-1.5296,199652.1,219466.969,11.3375,339797.16,10.4888,304907.637,9.6987,214542.864,9.4789,163593.3783
415,601865.SH,20190828,11.3933,11.4132,10.8261,11.0549,11.5624,-0.5075000000000003,-4.3892,357630.45,399815.753,11.2679,423718.52,10.3077,296230.563,9.5992,206630.206,9.4378,159159.1853
416,601865.SH,20190827,11.3435,11.5923,11.1644,11.5624,11.5923,-0.029899999999999594,-0.2579,370574.24,423598.532,11.0928,419179.314,10.1146,274032.969,9.4937,191433.3015,9.3997,150007.573
417,601865.SH,20190826,11.652,11.9107,11.0947,11.5923,11.5923,0.0,0.0,457210.74,527777.296,10.6311,370221.846,9.8689,261943.242,9.3698,175186.8595,9.342,139201.5237
418,601865.SH,20190823,11.244,11.5923,10.9554,11.5923,10.5375,1.0548000000000002,10.01,313918.27,356461.318,10.1554,309354.144,9.6509,236895.012,9.244,154954.0305,9.2827,126014.5627
419,601865.SH,20190822,10.7763,10.9853,10.3684,10.5375,10.1793,0.3582000000000001,3.5189,619258.9,666969.135,9.64,270018.114,9.3474,211669.857,9.1246,143643.865,9.2207,117312.379
420,601865.SH,20190821,9.3136,10.1793,9.3136,10.1793,9.2539,0.9253999999999998,10.0001,334934.42,336971.572,9.3474,168742.606,9.1614,155319.336,9.0445,114985.02,9.1915,99668.767
421,601865.SH,20190820,9.2937,9.3037,9.1445,9.2539,9.2141,0.03979999999999961,0.4319,125786.9,116612.172,9.1365,128886.624,9.0141,131464.586,8.984,101306.1955,9.1796,90667.953
422,601865.SH,20190819,9.035,9.234,9.0151,9.2141,9.0151,0.19899999999999984,2.2074,152872.23,140531.15,9.1067,153664.638,8.9863,132646.334,8.9653,97779.1585,9.2051,88947.5417
423,601865.SH,20190816,8.9853,9.3037,8.9853,9.0151,9.0748,-0.05969999999999942,-0.6579,117238.12,107514.369,9.1465,164435.88,8.9465,127418.211,8.9461,95936.005,9.23,88517.4613
424,601865.SH,20190815,8.8559,9.0748,8.7166,9.0748,9.1246,-0.0497999999999994,-0.5458,112881.36,100788.864,9.0549,153321.6,8.9086,124178.091,8.974,92936.249,9.278,89317.3263
425,601865.SH,20190814,9.2141,9.244,9.0649,9.1246,9.1047,0.019899999999999807,0.2186,135654.51,124463.508,8.9753,141896.066,8.8907,117029.849,9.0029,90623.4965,9.3287,94000.6657
426,601865.SH,20190813,9.5226,9.5524,9.0649,9.1047,9.4131,-0.3084000000000007,-3.2763,249676.97,232637.081,8.8917,134042.548,8.8728,108833.634,9.0423,87994.875,9.3704,93240.8453
427,601865.SH,20190812,8.6469,9.4131,8.5673,9.4131,8.5574,0.8557000000000006,9.9995,206728.44,193788.488,8.8658,111628.03,8.8708,88430.477,9.0786,77830.6645,9.4085,88090.994
428,601865.SH,20190809,8.7564,8.8957,8.5574,8.5574,8.6768,-0.11940000000000062,-1.3761,61666.72,53887.245,8.7464,90400.542,8.837,73013.049,9.0985,70574.338,9.4387,84878.3793
429,601865.SH,20190808,8.7564,8.7862,8.637,8.6768,8.7066,-0.029799999999999827,-0.3423,55753.69,48736.186,8.7624,95034.582,8.9017,75617.873,9.1573,70133.64,9.4891,85494.3757
430,601865.SH,20190807,9.1345,9.1345,8.6967,8.7066,8.9753,-0.2687000000000008,-2.9938,96386.92,85750.196,8.8061,92163.632,8.9276,74650.704,9.2066,71843.4825,9.5375,86785.0127
431,601865.SH,20190806,8.4778,9.0748,8.4778,8.9753,8.8161,0.15920000000000023,1.8058,137604.38,122540.861,8.8539,83624.72,8.9538,71147.805,9.2623,70269.6365,9.5872,86183.359
432,601865.SH,20190805,8.6867,9.1743,8.6171,8.8161,8.637,0.17910000000000004,2.0736,100591.0,89773.418,8.8758,65232.924,8.9443,62911.983,9.3146,67098.1455,9.6299,85731.879
433,601865.SH,20190802,8.7663,8.7663,8.4678,8.637,8.8957,-0.25869999999999926,-2.9081,84836.92,73367.873,8.9276,55625.556,8.9457,64453.799,9.3718,69067.0865,9.6889,87420.1827
434,601865.SH,20190801,8.8957,9.035,8.8559,8.8957,8.9455,-0.0497999999999994,-0.5567,41398.94,37154.346,9.041,56201.164,9.0394,61694.407,9.4627,71886.944,9.7488,90642.713
435,601865.SH,20190731,9.0549,9.0848,8.8658,8.9455,9.0848,-0.13930000000000042,-1.5333,53692.36,48311.267,9.049,57137.776,9.1152,64217.144,9.5477,82486.074,9.8012,94985.0677
436,601865.SH,20190730,9.0549,9.1843,9.035,9.0848,9.0748,0.009999999999999787,0.1102,45645.4,41816.992,9.0537,58670.89,9.2117,67156.116,9.6192,85444.451,9.8486,98790.3417
437,601865.SH,20190729,9.1942,9.1942,9.0151,9.0748,9.2042,-0.1294000000000004,-1.4059,52554.16,47987.434,9.0128,60591.042,9.2864,67230.852,9.6774,87921.2525,9.8853,101510.7323
438,601865.SH,20190726,8.9355,9.3136,8.8957,9.2042,8.9355,0.2687000000000008,3.0071,87714.96,80990.332,8.9639,73282.042,9.36,68135.627,9.7395,90811.0445,9.9175,102829.4843
439,601865.SH,20190725,9.0052,9.035,8.8857,8.9355,8.9654,-0.02990000000000137,-0.3335,46082.0,41424.8,9.0378,67187.65,9.4129,64649.407,9.7827,90432.627,9.9463,105755.7157
440,601865.SH,20190724,8.9197,9.0882,8.89,8.9693,8.8801,0.08919999999999995,1.0045,61357.93,55692.609,9.1814,71296.512,9.4856,69036.261,9.8424,92852.167,10.0,110848.4263
441,601865.SH,20190723,8.8008,8.9594,8.7711,8.8801,8.8305,0.049599999999999866,0.5617,55246.16,49369.39,9.3697,75641.342,9.5709,69391.468,9.9039,93701.136,10.0472,116457.5577
442,601865.SH,20190722,9.5837,9.6135,8.6224,8.8305,9.5738,-0.7432999999999996,-7.7639,116009.16,105003.957,9.5599,73870.662,9.6848,71284.308,9.9727,97141.827,10.1077,123077.2943
443,601865.SH,20190719,9.6333,9.7522,9.5738,9.5738,9.6531,-0.07929999999999993,-0.8215,57243.0,55795.089,9.7562,62989.212,9.7978,73680.374,10.0604,98903.3745,10.1447,123068.1793
444,601865.SH,20190718,9.7423,9.8414,9.6432,9.6531,9.9108,-0.2576999999999998,-2.6002,66626.31,65235.541,9.7879,62111.164,9.886,82079.481,10.1036,105116.866,10.151,127020.0163
445,601865.SH,20190717,9.8315,10.0892,9.7423,9.9108,9.8315,0.07929999999999993,0.8066,83082.08,82780.319,9.7899,66776.01,9.9802,100755.004,10.1442,110369.0295,10.1655,131267.5943
446,601865.SH,20190716,9.8216,9.8414,9.7621,9.8315,9.8117,0.01980000000000004,0.2018,46392.76,45945.174,9.772,63141.594,10.0267,103732.786,10.167,114607.4545,10.1784,138885.3567
447,601865.SH,20190715,9.7225,9.8117,9.5738,9.8117,9.7324,0.07929999999999993,0.8148,61601.91,60390.621,9.8097,68697.954,10.0684,108611.653,10.1848,118650.6725,10.2144,152016.0327
448,601865.SH,20190712,9.7225,9.7721,9.6135,9.7324,9.663,0.0693999999999999,0.7182,52852.76,51736.446,9.8394,84371.536,10.1189,113486.462,10.1962,120176.413,10.2914,170933.803
449,601865.SH,20190711,9.891,9.9405,9.6135,9.663,9.8216,-0.15859999999999985,-1.6148,89950.54,88547.683,9.9841,102047.798,10.1526,116215.847,10.2131,126308.87,10.3452,181162.3963
450,601865.SH,20190710,10.0694,10.0793,9.8216,9.8216,10.0198,-0.19819999999999993,-1.9781,64910.0,65056.555,10.1705,134733.998,10.1992,116668.073,10.2572,131754.509,10.3895,188466.723
451,601865.SH,20190709,9.8712,10.0496,9.8513,10.0198,9.9604,0.05940000000000012,0.5964,74174.56,74299.245,10.2815,144323.978,10.2369,118010.804,10.2854,139990.6025,10.4192,195663.541
452,601865.SH,20190708,10.3469,10.3568,9.9108,9.9604,10.4559,-0.49549999999999983,-4.739,139969.82,141675.961,10.3271,148525.352,10.2607,122999.346,10.3191,148973.7875,10.4348,199780.982
453,601865.SH,20190705,10.7037,10.783,10.4063,10.4559,10.5946,-0.13870000000000005,-1.3092,141234.07,149861.869,10.3984,142601.388,10.3231,124126.375,10.3181,147762.082,10.4433,202317.658
454,601865.SH,20190704,10.3667,11.0208,10.3568,10.5946,10.3766,0.21799999999999997,2.1009,253381.54,273200.045,10.3211,130383.896,10.3211,128154.251,10.2834,149490.284,10.4242,203548.0823
455,601865.SH,20190703,10.3072,10.3865,10.2379,10.3766,10.2478,0.12880000000000003,1.2569,112859.9,117296.014,10.2279,98602.148,10.3082,119983.055,10.2582,146523.8895,10.411,201076.0797
456,601865.SH,20190702,10.3171,10.3667,10.1982,10.2478,10.3171,-0.06930000000000014,-0.6717,95181.43,98647.62,10.1923,91697.63,10.3072,125482.123,10.2542,156461.642,10.4116,203237.8003
457,601865.SH,20190701,10.3072,10.3667,10.2279,10.3171,10.0694,0.24770000000000003,2.4599,110350.0,114750.037,10.1942,97473.34,10.3013,128689.692,10.2874,173718.2225,10.41,207663.5903
458,601865.SH,20190628,10.1288,10.1982,9.9604,10.0694,10.1288,-0.05940000000000012,-0.5864,80146.61,81383.518,10.2478,105651.362,10.2735,126866.364,10.3776,199657.4735,10.4235,218827.814
459,601865.SH,20190627,10.218,10.3072,10.1189,10.1288,10.1982,-0.0693999999999999,-0.6805,94472.8,97239.708,10.3211,125924.606,10.2735,136401.893,10.4415,213635.671,10.4787,227299.9933
460,601865.SH,20190626,10.1685,10.337,10.1388,10.1982,10.2577,-0.059499999999999886,-0.5801,78337.31,80885.462,10.3885,141363.962,10.3152,146840.945,10.4846,224366.048,10.4962,233255.324
461,601865.SH,20190625,10.4955,10.4955,10.109,10.2577,10.5847,-0.32699999999999996,-3.0894,124059.98,128774.938,10.4222,159266.616,10.334,161970.401,10.5104,234489.9095,10.5008,239416.578
462,601865.SH,20190624,10.4361,10.5847,10.2478,10.5847,10.4361,0.14860000000000007,1.4239,151240.11,158999.811,10.4083,159906.044,10.3776,174948.229,10.5218,238171.8,10.5157,246256.0993
463,601865.SH,20190621,10.4856,10.6442,10.3667,10.4361,10.4658,-0.02970000000000006,-0.2838,181512.83,192424.662,10.2993,148081.366,10.3132,171397.789,10.5035,241413.2995,10.5107,252795.8593
464,601865.SH,20190620,10.2874,10.5649,10.2081,10.4658,10.3667,0.09909999999999997,0.9559,171669.58,180729.704,10.226,146879.18,10.2458,170826.317,10.4757,241244.998,10.5002,258414.183
465,601865.SH,20190619,10.5154,10.6442,10.2279,10.3667,10.1883,0.1783999999999999,1.751,167850.58,176331.416,10.2418,152317.928,10.2081,173064.724,10.4623,241622.592,10.5226,266020.258
466,601865.SH,20190618,9.9802,10.337,9.891,10.1883,10.0396,0.14869999999999983,1.4811,127257.12,130153.476,10.2458,164674.186,10.2012,187441.161,10.4638,242115.639,10.5487,275751.3483
467,601865.SH,20190617,10.0694,10.2577,9.9306,10.0396,10.0694,-0.029799999999999827,-0.2959,92116.72,93645.431,10.3469,189990.414,10.2735,218746.753,10.4643,247150.5395,10.6013,274178.0777
468,601865.SH,20190614,10.4856,10.6838,10.0198,10.0694,10.5451,-0.4756999999999998,-4.5111,175501.9,181662.978,10.3271,194714.212,10.4817,272448.583,10.4985,264808.539,10.7023,284168.1617
469,601865.SH,20190613,10.4856,10.783,10.3469,10.5451,10.3865,0.15859999999999985,1.527,198863.32,211993.509,10.2656,194773.454,10.6095,290869.449,10.5813,272749.0435,10.851,304043.8167
470,601865.SH,20190612,10.4559,10.7037,10.337,10.3865,10.6938,-0.3072999999999997,-2.8736,229631.87,243152.686,10.1744,193811.52,10.6541,301891.151,10.5867,276462.5135,11.0287,321682.611
471,601865.SH,20190611,10.2874,10.773,10.1784,10.6938,9.9405,0.7532999999999994,7.5781,253838.26,267200.832,10.1566,210208.136,10.6868,307009.418,10.5842,278139.6665,11.1635,321743.6243
472,601865.SH,20190610,9.8513,10.0099,9.7621,9.9405,9.7621,0.1783999999999999,1.8275,115735.71,115716.721,10.2002,247503.092,10.666,301395.371,10.5847,281910.0345,11.2445,323612.7383
473,601865.SH,20190606,10.0595,10.1487,9.6135,9.7621,10.0892,-0.3270999999999997,-3.2421,175798.11,174733.045,10.6363,350182.954,10.6937,311428.81,10.6095,293494.8945,11.3789,338295.5897
474,601865.SH,20190605,10.4856,10.5154,10.0297,10.0892,10.2973,-0.20809999999999995,-2.0209,194053.65,200399.782,10.9534,386965.444,10.7057,311663.679,10.6274,302208.116,11.5154,346560.9597
475,601865.SH,20190604,10.5352,10.7037,10.0198,10.2973,10.9118,-0.6144999999999996,-5.6315,311614.95,324672.676,11.1338,409970.782,10.7165,310180.46,10.6799,312498.025,11.5989,345004.6757
476,601865.SH,20190603,11.6947,11.8434,10.9118,10.9118,12.1209,-1.2091000000000012,-9.9753,440313.04,496958.748,11.2171,403810.7,10.7265,296790.117,10.7225,319906.442,11.6746,342164.3763
477,601865.SH,20190531,11.665,12.4876,11.5064,12.1209,11.3479,0.7730000000000015,6.8118,629135.02,774764.422,11.1318,355287.65,10.6551,275554.326,10.7651,301893.74,11.7492,333068.6743
478,601865.SH,20190530,10.8127,11.4965,10.6244,11.3479,10.9911,0.3567999999999998,3.2463,359710.56,402927.343,10.7512,272674.666,10.5154,257168.495,10.8127,290027.951,11.7853,319972.5377
479,601865.SH,20190529,10.6046,11.2983,10.5055,10.9911,10.7136,0.27749999999999986,2.5902,309080.34,341820.828,10.4579,236361.914,10.553,254628.638,10.9718,310631.0005,11.8612,313791.52
480,601865.SH,20190528,10.3964,10.9713,10.3964,10.7136,10.4856,0.22799999999999976,2.1744,280814.54,303600.429,10.2993,210390.138,10.5193,251033.876,11.216,331578.341,11.9508,308506.02
481,601865.SH,20190527,10.1388,10.8424,10.1288,10.4856,10.218,0.26759999999999984,2.6189,197697.79,209745.02,10.2359,189769.534,10.4817,249269.915,11.4019,329110.7275,12.0601,307400.7923
482,601865.SH,20190524,9.8216,10.4063,9.8216,10.218,9.8811,0.3369,3.4095,216070.1,221105.966,10.1784,195821.002,10.5035,262424.698,11.5337,334721.422,12.1744,308644.1863
483,601865.SH,20190523,10.0595,10.2279,9.8315,9.8811,10.1982,-0.31709999999999994,-3.1094,178146.8,179355.585,10.2795,241662.324,10.5253,275560.979,11.7215,351728.9795,12.3029,315452.5857
484,601865.SH,20190522,10.3271,10.4757,10.109,10.1982,10.3964,-0.19819999999999993,-1.9064,179221.46,185332.593,10.6482,272895.362,10.5491,292752.553,11.9202,364009.6,12.477,330633.3297
485,601865.SH,20190521,10.1982,10.5055,10.1288,10.3964,10.1982,0.19819999999999993,1.9435,177711.52,185581.159,10.7393,291677.614,10.6432,314815.59,12.0401,362416.7835,12.6759,346228.3913
486,601865.SH,20190520,10.446,10.5253,9.9306,10.1982,10.7235,-0.5252999999999997,-4.8986,227955.13,233939.093,10.7275,308770.296,10.7185,343022.767,12.1487,364851.506,12.8457,358687.1473
487,601865.SH,20190517,11.4668,11.5857,10.555,10.7235,11.7245,-1.0010000000000012,-8.5377,445276.71,497576.242,10.8286,329028.394,10.8751,328233.154,12.2963,361825.8485,13.0436,374696.7313
488,601865.SH,20190516,11.5956,11.7245,11.4569,11.7245,10.6541,1.0704000000000011,10.0468,334311.99,394156.497,10.7711,309459.634,11.11,322887.407,12.4202,351374.559,13.1837,372617.1143
489,601865.SH,20190515,10.4856,10.8821,10.3469,10.6541,10.337,0.31709999999999994,3.0676,273132.72,291912.155,10.45,312609.744,11.3905,366633.363,12.5154,343372.961,13.2752,374167.8163
490,601865.SH,20190514,10.4658,10.6442,10.2279,10.337,10.7037,-0.3666999999999998,-3.4259,263174.93,276432.602,10.5471,337953.566,11.9128,412122.806,12.6665,337242.092,13.3921,378654.9737
491,601865.SH,20190513,10.2973,11.2488,10.1189,10.7037,10.4361,0.26759999999999984,2.5642,329245.62,353721.976,10.7096,377275.238,12.3221,408951.54,12.8493,336466.231,13.5471,382591.9893
492,601865.SH,20190510,10.3568,10.5451,9.5342,10.4361,10.1189,0.3171999999999997,3.1347,347432.91,360189.119,10.9217,327437.914,12.5639,407018.146,13.0099,331753.9305,13.702,389088.4583
493,601865.SH,20190509,10.9019,11.2488,10.0892,10.1189,11.1397,-1.0207999999999995,-9.1636,350062.54,378941.683,11.4489,336315.18,12.9177,427896.98,13.1918,335398.389,13.8536,398530.803
494,601865.SH,20190508,10.7235,11.7641,10.4262,11.1397,11.1497,-0.009999999999999787,-0.0897,399851.83,446246.407,12.331,420656.982,13.2914,435266.647,13.441,349573.718,14.0713,408228.937
495,601865.SH,20190507,10.7136,11.5758,10.7136,11.1497,11.7641,-0.6143999999999998,-5.2227,459783.29,513569.133,13.2785,486292.046,13.437,410017.977,13.6923,361934.792,14.254,420661.5807
496,601865.SH,20190506,11.7641,11.9921,11.7641,11.7641,13.0723,-1.3082000000000011,-10.0074,80059.0,95051.494,13.9346,440627.842,13.5788,386680.245,13.9093,366519.3375,14.4486,429145.951
497,601865.SH,20190430,13.4787,13.8553,13.0723,13.0723,14.5292,-1.4568999999999992,-10.0274,391819.24,525442.086,14.2061,486598.378,13.7175,395418.543,14.1278,397928.52,14.6098,451070.0903
498,601865.SH,20190429,15.9564,16.6501,14.2914,14.5292,15.8771,-1.347900000000001,-8.4896,771771.55,1196504.374,14.3865,519478.78,13.7304,379861.711,14.2205,397481.968,14.7274,472945.2603
499,601865.SH,20190426,15.441,15.8771,14.7473,15.8771,14.4301,1.447000000000001,10.0277,728027.15,1142946.102,14.2517,449876.312,13.6402,320112.559,14.2175,377935.043,14.8173,483610.5503
500,601865.SH,20190425,12.9832,14.4301,12.9732,14.4301,13.1219,1.3081999999999994,9.9696,231462.27,331620.625,13.5956,333743.908,13.4202,262361.378,14.1318,361921.0575,14.81,496141.4667
501,601865.SH,20190424,13.5382,13.7463,12.7156,13.1219,13.9742,-0.8522999999999996,-6.0991,309911.68,413913.42,13.223,332732.648,13.3766,263980.922,14.1596,369412.214,14.8292,513215.35
502,601865.SH,20190423,13.885,14.6977,13.5282,13.9742,13.8553,0.1189,0.8582,556221.25,792880.259,13.2289,304238.708,13.4559,256489.715,14.2711,380123.6145,14.8721,503358.3653
503,601865.SH,20190422,12.6858,13.8553,12.6065,13.8553,12.5966,1.2586999999999993,9.9924,423759.21,575120.926,13.0743,240244.642,13.4658,242899.798,14.3216,383847.7145,14.8431,486654.302
504,601865.SH,20190419,12.5471,12.7651,12.3984,12.5966,12.5669,0.02970000000000006,0.2363,147365.13,187728.468,13.0287,190348.806,13.5907,263880.789,14.4613,394710.082,14.7783,474776.3127
505,601865.SH,20190418,13.1219,13.1814,12.5173,12.5669,13.1516,-0.5846999999999998,-4.4458,226405.97,291867.058,13.2448,190978.848,13.9475,313851.607,14.6625,425983.3825,14.7195,470018.5167
506,601865.SH,20190417,13.0823,13.3994,12.9832,13.1516,13.2012,-0.049599999999999866,-0.3757,167441.98,222730.853,13.5302,195229.196,14.2398,346358.43,14.8835,450378.804,14.629,462886.6217
507,601865.SH,20190416,13.2805,13.2904,12.666,13.2012,13.6274,-0.4261999999999997,-3.1275,236250.92,310521.575,13.6829,208740.722,14.5382,400438.497,15.056,478895.864,14.4893,458717.7157
508,601865.SH,20190415,13.7958,14.0535,13.5778,13.6274,13.6769,-0.0495000000000001,-0.3619,174280.03,242405.592,13.8573,245554.954,14.7106,415102.225,15.226,519487.035,14.3208,451023.066
509,601865.SH,20190412,14.004,14.1229,13.5976,13.6769,13.9941,-0.3171999999999997,-2.2667,150515.34,209820.235,14.1526,337412.772,14.7949,435757.527,15.4058,565359.546,14.1133,445489.02
510,601865.SH,20190411,14.004,14.1625,13.4291,13.9941,13.9148,0.07929999999999993,0.5699,247657.71,343868.012,14.6502,436724.366,14.8434,461480.737,15.505,613031.511,13.8817,440590.5233
511,601865.SH,20190410,13.6868,14.2517,13.6868,13.9148,14.0733,-0.15850000000000009,-1.1262,234999.61,331779.756,14.9495,497487.664,14.9425,474843.506,15.5555,637832.564,13.6191,432491.9947
512,601865.SH,20190409,14.4995,14.6184,13.9544,14.0733,15.1041,-1.030800000000001,-6.8246,420322.08,601265.51,15.3935,592136.272,15.0862,503757.514,15.5803,626792.6905,13.3406,424771.7963
513,601865.SH,20190408,16.1744,16.997,15.0248,15.1041,16.1645,-1.0603999999999996,-6.5601,633569.12,1022615.937,15.5639,584649.496,15.1774,524795.631,15.5317,608531.554,13.04,410897.4407
514,601865.SH,20190404,15.8573,16.8385,15.5401,16.1645,15.4906,0.6738999999999997,4.3504,647073.31,1048072.782,15.4371,534102.282,15.332,525539.375,15.3722,580224.0745,12.6898,389914.1493
515,601865.SH,20190403,15.56,16.3033,15.2626,15.4906,16.1348,-0.6441999999999979,-3.9926,551474.2,877602.44,15.0367,486237.108,15.3776,538115.158,15.1055,548101.9715,12.2904,368485.224
516,601865.SH,20190402,14.9058,16.4222,14.6779,16.1348,14.9257,1.2090999999999976,8.1008,708242.65,1102699.673,14.9356,452199.348,15.5272,554399.178,14.8236,521150.7175,11.9009,350130.284
517,601865.SH,20190401,14.3707,15.1933,14.3409,14.9257,14.4698,0.4559000000000015,3.1507,382888.2,571880.991,14.779,415378.756,15.5738,557353.231,14.4648,487857.325,11.4784,326557.321
518,601865.SH,20190329,13.9445,14.4698,13.4291,14.4698,14.1625,0.3072999999999997,2.1698,380833.05,537533.495,14.7909,464941.766,15.7413,623871.845,14.1259,468983.4865,11.0856,313812.499
519,601865.SH,20190328,14.8464,15.2032,14.1229,14.1625,14.9851,-0.8225999999999996,-5.4895,407747.44,604384.64,15.2269,516976.468,16.0168,694961.565,13.7725,450354.7665,10.6984,301155.5467
520,601865.SH,20190327,15.0743,15.4014,14.6977,14.9851,15.3518,-0.3667000000000016,-2.3886,381285.4,579250.512,15.7185,589993.208,16.1665,764582.285,13.4009,430145.4165,,
521,601865.SH,20190326,14.668,15.5401,14.5292,15.3518,14.9851,0.3667000000000016,2.4471,524139.69,801516.317,16.1189,656599.008,16.1685,800821.622,12.9574,411316.239,,
522,601865.SH,20190325,15.8672,16.1051,14.9851,14.9851,16.6501,-1.6649999999999991,-9.9999,630703.25,981298.325,16.3687,699327.706,16.0743,749827.867,12.4678,385278.9375,,
523,601865.SH,20190322,16.2339,17.3439,16.1348,16.6501,16.6204,0.029699999999998283,0.1787,641006.56,1091221.109,16.6918,782801.924,15.886,692267.477,11.9713,353948.3455,,
524,601865.SH,20190321,16.4718,17.7403,16.2339,16.6204,16.9871,-0.3667000000000016,-2.1587,772831.14,1321066.378,16.8067,872946.662,15.4123,634908.774,11.3687,322101.5365,,
525,601865.SH,20190320,16.3528,17.225,15.9663,16.9871,16.6006,0.3865000000000016,2.3282,714314.4,1197809.415,16.6145,939171.362,14.8335,558088.785,10.7468,283670.257,,
526,601865.SH,20190319,16.4618,17.1457,16.0753,16.6006,16.6006,0.0,0.0,737783.18,1237390.625,16.2181,945044.236,14.1199,487902.257,10.0877,247995.837,,
527,601865.SH,20190318,16.6204,18.2161,16.3528,16.6006,17.225,-0.6244000000000014,-3.625,1048074.34,1837990.762,15.78,800328.028,13.3558,418361.419,9.4306,211159.366,,
528,601865.SH,20190315,14.9653,17.225,14.0932,17.225,15.6591,1.565900000000001,9.9999,1091730.25,1645015.887,15.0803,601733.03,12.5104,314095.128,8.7577,158782.826,,
529,601865.SH,20190314,16.0059,16.5015,15.3617,15.6591,15.005,0.6540999999999997,4.3592,1103954.64,1792960.961,14.0179,396870.886,11.5283,205747.968,8.0392,104252.5375,,
530,601865.SH,20190313,15.8474,15.8474,14.45,15.005,14.4103,0.5947000000000013,4.1269,743678.77,1133191.631,13.0525,177006.208,10.6353,95708.548,,,,
531,601865.SH,20190312,14.4103,14.4103,14.4103,14.4103,13.1021,1.3081999999999994,9.9847,14202.14,20649.912,12.0218,30760.278,9.7463,21810.856,,,,
532,601865.SH,20190311,13.1021,13.1021,13.1021,13.1021,11.9128,1.1892999999999994,9.9834,55099.35,72841.341,10.9316,36394.81,8.8613,20730.008,,,,
533,601865.SH,20190308,11.9128,11.9128,11.9128,11.9128,10.8325,1.0803000000000011,9.9728,67419.53,81038.275,9.9405,26457.226,8.0565,15629.214,,,,
534,601865.SH,20190307,10.8325,10.8325,10.8325,10.8325,9.8513,0.9811999999999994,9.9601,4631.25,5061.956,9.0387,14625.05,7.3251,9294.299,,,,
535,601865.SH,20190306,9.8513,9.8513,9.8513,9.8513,8.9594,0.8918999999999997,9.9549,12449.12,12374.425,8.218,14410.888,6.6601,9251.729,,,,
536,601865.SH,20190305,8.9594,8.9594,8.9594,8.9594,8.1467,0.8127000000000013,9.9758,42374.8,38306.819,7.4708,12861.434,6.0555,8089.417,,,,
537,601865.SH,20190304,8.1467,8.1467,8.1467,8.1467,7.4034,0.7432999999999987,10.04,5411.43,4448.195,6.7909,5065.206,5.5055,3957.313,,,,
538,601865.SH,20190301,7.4034,7.4034,7.4034,7.4034,6.7294,0.6740000000000004,10.0158,8258.65,6169.212,6.1725,4801.202,5.005,3470.524,,,,
539,601865.SH,20190228,6.7294,6.7294,6.7294,6.7294,6.115,0.6143999999999998,10.0474,3560.44,2417.539,5.6115,3963.548,4.5501,2757.107,,,,
540,601865.SH,20190227,6.115,6.115,6.115,6.115,5.56,0.5550000000000006,9.982,4701.85,2901.041,5.1021,4092.57,,,,,,
541,601865.SH,20190226,5.56,5.56,5.56,5.56,5.0545,0.5054999999999996,10.001,3393.66,1903.843,4.6402,3317.4,,,,,,
542,601865.SH,20190225,5.0545,5.0545,5.0545,5.0545,4.5986,0.45589999999999975,9.9139,4091.41,2086.619,4.22,2849.42,,,,,,
543,601865.SH,20190222,4.5986,4.5986,4.5986,4.5986,4.1824,0.4161999999999999,9.9512,4070.38,1888.656,3.8375,2139.846,,,,,,
544,601865.SH,20190221,4.1824,4.1824,4.1824,4.1824,3.8057,0.3767000000000005,9.8983,4205.55,1774.742,3.4886,1550.666,,,,,,
545,601865.SH,20190220,3.8057,3.8057,3.8057,3.8057,3.4589,0.3468,10.0263,826.0,317.184,,,,,,,,
546,601865.SH,20190219,3.4589,3.4589,3.4589,3.4589,3.1417,0.3171999999999997,10.0964,1053.76,367.762,,,,,,,,
547,601865.SH,20190218,3.1417,3.1417,3.1417,3.1417,2.8543,0.2874000000000003,10.069,543.54,172.302,,,,,,,,
548,601865.SH,20190215,2.8543,2.8543,2.8543,2.8543,1.9822,0.8720999999999999,43.9966,1124.48,323.85,,,,,,,,
