,ts_code,date,open,high,low,close,pre_close,change,pct_chg,vol,amount
0,601138.SH,20210202,13.93,13.97,13.57,13.7,13.9,-0.20000000000000107,-1.4388,436590.94,598210.981
1,601138.SH,20210201,14.05,14.17,13.73,13.9,14.29,-0.3899999999999988,-2.7292,402254.19,559356.09
2,601138.SH,20210129,14.4,14.56,14.02,14.29,14.21,0.0799999999999983,0.563,434926.71,621419.43
3,601138.SH,20210128,14.61,14.65,14.13,14.21,14.86,-0.6499999999999986,-4.3742,472844.38,677107.023
4,601138.SH,20210127,14.95,15.18,14.75,14.86,14.82,0.03999999999999915,0.2699,361201.21,538605.01
5,601138.SH,20210126,15.02,15.09,14.72,14.82,15.2,-0.379999999999999,-2.5,394089.79,584769.527
6,601138.SH,20210125,14.69,15.21,14.5,15.2,14.75,0.4499999999999993,3.0508,630126.16,938892.286
7,601138.SH,20210122,15.09,15.1,14.44,14.75,15.19,-0.4399999999999995,-2.8966,745960.81,1093175.472
8,601138.SH,20210121,15.15,15.45,15.08,15.19,15.14,0.049999999999998934,0.3303,586762.37,894030.02
9,601138.SH,20210120,15.35,15.48,15.04,15.14,15.1,0.040000000000000924,0.2649,489211.11,742855.894
10,601138.SH,20210119,15.86,15.86,15.05,15.1,15.88,-0.7800000000000011,-4.9118,771931.37,1187756.288
11,601138.SH,20210118,15.26,15.95,15.0,15.88,15.25,0.6300000000000008,4.1311,919827.38,1433424.391
12,601138.SH,20210115,15.57,15.96,15.04,15.25,15.67,-0.41999999999999993,-2.6803,1107618.54,1719919.054
13,601138.SH,20210114,15.15,16.6,15.02,15.67,15.18,0.4900000000000002,3.2279,2127219.08,3396621.476
14,601138.SH,20210113,14.48,15.33,14.43,15.18,14.57,0.6099999999999994,4.1867,1147996.5,1716564.469
15,601138.SH,20210112,14.3,14.59,14.11,14.57,14.36,0.21000000000000085,1.4624,616274.53,884498.846
16,601138.SH,20210111,14.1,14.6,14.05,14.36,14.24,0.11999999999999922,0.8427,615538.29,886733.518
17,601138.SH,20210108,13.86,14.59,13.76,14.24,13.73,0.5099999999999998,3.7145,691275.6,986306.522
18,601138.SH,20210107,13.79,13.92,13.47,13.73,13.87,-0.1399999999999988,-1.0094,359546.62,492614.63
19,601138.SH,20210106,13.96,14.06,13.82,13.87,13.95,-0.08000000000000007,-0.5735,394795.89,549516.909
20,601138.SH,20210105,13.8,13.95,13.6,13.95,13.8,0.14999999999999858,1.087,391093.19,537512.098
21,601138.SH,20210104,13.7,14.0,13.52,13.8,13.69,0.11000000000000121,0.8035,407224.98,559562.012
22,601138.SH,20201231,13.67,13.83,13.58,13.69,13.67,0.019999999999999574,0.1463,244499.83,335039.502
23,601138.SH,20201230,13.49,13.67,13.41,13.67,13.51,0.16000000000000014,1.1843,240461.36,326295.727
24,601138.SH,20201229,13.32,13.6,13.24,13.51,13.27,0.2400000000000002,1.8086,258062.79,348441.09
25,601138.SH,20201228,13.42,13.46,13.21,13.27,13.4,-0.13000000000000078,-0.9701,189971.47,252636.691
26,601138.SH,20201225,13.35,13.42,13.26,13.4,13.38,0.019999999999999574,0.1495,130503.11,174384.323
27,601138.SH,20201224,13.63,13.66,13.32,13.38,13.58,-0.1999999999999993,-1.4728,153371.2,206001.45
28,601138.SH,20201223,13.31,13.63,13.24,13.58,13.27,0.3100000000000005,2.3361,256266.63,344568.621
29,601138.SH,20201222,13.58,13.62,13.24,13.27,13.65,-0.3800000000000008,-2.7839,264234.6,354408.714
30,601138.SH,20201221,13.6,13.75,13.51,13.65,13.65,0.0,0.0,164306.22,223964.913
31,601138.SH,20201218,13.63,13.75,13.57,13.65,13.58,0.07000000000000028,0.5155,134097.55,182896.813
32,601138.SH,20201217,13.53,13.62,13.36,13.58,13.53,0.05000000000000071,0.3695,166844.06,225252.13
33,601138.SH,20201216,13.56,13.82,13.52,13.53,13.56,-0.030000000000001137,-0.2212,190962.0,261107.599
34,601138.SH,20201215,13.36,13.65,13.34,13.56,13.54,0.02000000000000135,0.1477,175056.57,236053.918
35,601138.SH,20201214,13.52,13.55,13.3,13.54,13.47,0.06999999999999851,0.5197,190762.51,256212.041
36,601138.SH,20201211,13.38,13.52,13.3,13.47,13.43,0.040000000000000924,0.2978,243916.26,327120.372
37,601138.SH,20201210,13.76,13.77,13.4,13.43,13.82,-0.39000000000000057,-2.822,400626.13,542256.5
38,601138.SH,20201209,14.17,14.26,13.8,13.82,14.14,-0.3200000000000003,-2.2631,276366.62,388601.465
39,601138.SH,20201208,13.85,14.19,13.75,14.14,13.71,0.4299999999999997,3.1364,412673.09,580007.871
40,601138.SH,20201207,13.82,13.88,13.64,13.71,13.84,-0.129999999999999,-0.9393,226347.74,311049.776
41,601138.SH,20201204,13.8,13.95,13.8,13.84,13.87,-0.02999999999999936,-0.2163,176750.18,245069.57
42,601138.SH,20201203,14.0,14.01,13.8,13.87,14.05,-0.1800000000000015,-1.2811,250908.51,348416.727
43,601138.SH,20201202,14.1,14.12,13.92,14.05,14.08,-0.02999999999999936,-0.2131,187114.24,262345.968
44,601138.SH,20201201,13.76,14.11,13.76,14.08,13.81,0.2699999999999996,1.9551,256343.54,357930.689
45,601138.SH,20201130,13.77,14.07,13.75,13.81,13.83,-0.019999999999999574,-0.1446,281718.47,392622.795
46,601138.SH,20201127,13.96,13.96,13.6,13.83,14.0,-0.16999999999999993,-1.2143,322185.12,442496.441
47,601138.SH,20201126,14.06,14.13,13.98,14.0,14.09,-0.08999999999999986,-0.6388,166364.91,233664.556
48,601138.SH,20201125,14.2,14.3,14.05,14.09,14.17,-0.08000000000000007,-0.5646,250508.89,354656.106
49,601138.SH,20201124,14.15,14.35,14.13,14.17,14.17,0.0,0.0,272420.77,387862.144
50,601138.SH,20201123,14.26,14.29,14.1,14.17,14.25,-0.08000000000000007,-0.5614,320790.06,454599.584
51,601138.SH,20201120,14.35,14.42,14.12,14.25,14.34,-0.08999999999999986,-0.6276,206591.15,294038.017
52,601138.SH,20201119,14.29,14.51,14.22,14.34,14.4,-0.0600000000000005,-0.4167,192071.87,276114.965
53,601138.SH,20201118,14.14,14.47,14.14,14.4,14.14,0.2599999999999998,1.8388,277119.28,396483.074
54,601138.SH,20201117,14.26,14.27,13.96,14.14,14.28,-0.1399999999999988,-0.9804,319859.01,450227.805
55,601138.SH,20201116,14.45,14.48,14.21,14.28,14.35,-0.07000000000000028,-0.4878,241555.63,345094.672
56,601138.SH,20201113,14.31,14.4,14.08,14.35,14.48,-0.13000000000000078,-0.8978,306748.23,437005.782
57,601138.SH,20201112,14.51,14.59,14.3,14.48,14.54,-0.05999999999999872,-0.4127,337647.52,487886.777
58,601138.SH,20201111,14.94,14.96,14.39,14.54,15.06,-0.5200000000000014,-3.4529,712691.44,1039448.485
59,601138.SH,20201110,14.35,15.44,14.21,15.06,14.4,0.6600000000000001,4.5833,1197654.63,1784335.255
60,601138.SH,20201109,14.27,14.6,14.17,14.4,14.0,0.40000000000000036,2.8571,625775.0,901108.421
61,601138.SH,20201106,13.85,14.09,13.77,14.0,13.81,0.1899999999999995,1.3758,416531.43,581940.381
62,601138.SH,20201105,13.68,13.87,13.55,13.81,13.47,0.33999999999999986,2.5241,293974.81,404099.968
63,601138.SH,20201104,13.4,13.66,13.32,13.47,13.38,0.08999999999999986,0.6726,225946.47,304776.679
64,601138.SH,20201103,13.18,13.43,13.16,13.38,13.16,0.22000000000000064,1.6717,277306.16,369151.854
65,601138.SH,20201102,13.4,13.5,13.01,13.16,13.65,-0.4900000000000002,-3.5897,492013.56,648172.552
66,601138.SH,20201030,13.9,14.05,13.57,13.65,13.96,-0.3100000000000005,-2.2206,273953.44,378373.632
67,601138.SH,20201029,13.76,14.06,13.66,13.96,13.94,0.02000000000000135,0.1435,289192.79,400681.586
68,601138.SH,20201028,13.93,14.03,13.77,13.94,13.87,0.07000000000000028,0.5047,305486.27,424912.273
69,601138.SH,20201027,13.59,13.94,13.55,13.87,13.68,0.1899999999999995,1.3889,207766.64,287021.771
70,601138.SH,20201026,13.57,13.77,13.47,13.68,13.59,0.08999999999999986,0.6623,126162.08,172001.952
71,601138.SH,20201023,13.67,13.83,13.59,13.59,13.66,-0.07000000000000028,-0.5124,124884.85,171135.118
72,601138.SH,20201022,13.58,13.7,13.49,13.66,13.64,0.019999999999999574,0.1466,155929.1,212210.818
73,601138.SH,20201021,13.82,13.82,13.61,13.64,13.85,-0.20999999999999908,-1.5162,164943.54,225386.929
74,601138.SH,20201020,13.82,13.85,13.64,13.85,13.86,-0.009999999999999787,-0.0722,173061.59,237631.498
75,601138.SH,20201019,13.9,14.05,13.85,13.86,13.78,0.08000000000000007,0.5806,234420.47,326995.652
76,601138.SH,20201016,13.88,13.88,13.71,13.78,13.75,0.02999999999999936,0.2182,156557.23,215663.036
77,601138.SH,20201015,13.75,13.82,13.66,13.75,13.73,0.019999999999999574,0.1457,178509.21,245621.211
78,601138.SH,20201014,13.8,13.82,13.6,13.73,13.93,-0.1999999999999993,-1.4358,311777.64,427321.156
79,601138.SH,20201013,14.0,14.0,13.78,13.93,14.02,-0.08999999999999986,-0.6419,215667.01,299525.734
80,601138.SH,20201012,13.9,14.04,13.86,14.02,13.85,0.16999999999999993,1.2274,347080.13,484181.612
81,601138.SH,20201009,13.81,13.9,13.73,13.85,13.59,0.2599999999999998,1.9132,310853.24,430030.916
82,601138.SH,20200930,13.6,13.71,13.48,13.59,13.56,0.02999999999999936,0.2212,285197.63,388006.866
83,601138.SH,20200929,13.32,13.69,13.3,13.56,13.28,0.28000000000000114,2.1084,341770.27,464058.56
84,601138.SH,20200928,13.2,13.36,13.15,13.28,13.17,0.10999999999999943,0.8352,226597.1,300545.216
85,601138.SH,20200925,13.31,13.32,13.08,13.17,13.23,-0.0600000000000005,-0.4535,192394.08,253702.763
86,601138.SH,20200924,13.45,13.51,13.21,13.23,13.57,-0.33999999999999986,-2.5055,287766.84,383429.715
87,601138.SH,20200923,13.63,13.69,13.45,13.57,13.56,0.009999999999999787,0.0737,234368.36,317674.708
88,601138.SH,20200922,13.65,13.74,13.52,13.56,13.74,-0.17999999999999972,-1.31,225366.72,306786.192
89,601138.SH,20200921,13.81,13.94,13.73,13.74,13.82,-0.08000000000000007,-0.5789,242491.68,335581.218
90,601138.SH,20200918,13.57,13.84,13.52,13.82,13.56,0.2599999999999998,1.9174,318282.89,435819.477
91,601138.SH,20200917,13.56,13.68,13.43,13.56,13.6,-0.03999999999999915,-0.2941,220633.05,298437.565
92,601138.SH,20200916,13.69,13.69,13.52,13.6,13.73,-0.13000000000000078,-0.9468,219341.29,298064.671
93,601138.SH,20200915,13.83,13.83,13.63,13.73,13.85,-0.11999999999999922,-0.8664,212305.1,290727.753
94,601138.SH,20200914,13.62,13.89,13.51,13.85,13.62,0.23000000000000043,1.6887,256287.18,351794.595
95,601138.SH,20200911,13.47,13.67,13.35,13.62,13.56,0.05999999999999872,0.4425,270805.86,365241.419
96,601138.SH,20200910,14.0,14.04,13.5,13.56,13.91,-0.34999999999999964,-2.5162,347927.92,478563.485
97,601138.SH,20200909,14.06,14.07,13.86,13.91,14.21,-0.3000000000000007,-2.1112,274124.66,382888.28
98,601138.SH,20200908,13.94,14.21,13.94,14.21,13.94,0.27000000000000135,1.9369,301429.32,424788.955
99,601138.SH,20200907,14.01,14.17,13.86,13.94,14.17,-0.23000000000000043,-1.6231,393674.33,551975.815
100,601138.SH,20200904,14.29,14.29,14.04,14.17,14.51,-0.33999999999999986,-2.3432,550673.83,778605.429
101,601138.SH,20200903,14.84,14.84,14.45,14.51,14.77,-0.2599999999999998,-1.7603,357018.89,520852.066
102,601138.SH,20200902,14.72,14.97,14.66,14.77,14.73,0.03999999999999915,0.2716,385206.61,570206.076
103,601138.SH,20200901,14.67,14.77,14.5,14.73,14.74,-0.009999999999999787,-0.0678,316923.06,464127.695
104,601138.SH,20200831,14.84,15.04,14.65,14.74,14.75,-0.009999999999999787,-0.0678,426427.77,634961.656
105,601138.SH,20200828,14.56,14.79,14.41,14.75,14.65,0.09999999999999964,0.6826,369934.1,539785.967
106,601138.SH,20200827,14.6,14.68,14.44,14.65,14.54,0.11000000000000121,0.7565,246414.9,358741.764
107,601138.SH,20200826,15.08,15.09,14.47,14.54,15.09,-0.5500000000000007,-3.6448,473328.27,697999.048
108,601138.SH,20200825,15.04,15.35,15.0,15.09,14.99,0.09999999999999964,0.6671,556141.13,844079.582
109,601138.SH,20200824,14.86,15.14,14.66,14.99,14.8,0.1899999999999995,1.2838,458121.39,685283.041
110,601138.SH,20200821,15.0,15.05,14.65,14.8,14.83,-0.02999999999999936,-0.2023,337753.98,501453.242
111,601138.SH,20200820,14.75,15.05,14.69,14.83,14.85,-0.019999999999999574,-0.1347,290134.11,431391.634
112,601138.SH,20200819,15.18,15.21,14.8,14.85,15.18,-0.33000000000000007,-2.1739,423855.03,633388.786
113,601138.SH,20200818,15.3,15.42,15.07,15.18,15.28,-0.09999999999999964,-0.6545,463396.4,704755.216
114,601138.SH,20200817,15.09,15.32,14.92,15.28,15.03,0.25,1.6633,610997.18,926920.055
115,601138.SH,20200814,15.01,15.12,14.81,15.03,15.17,-0.14000000000000057,-0.9229,562582.6,841484.994
116,601138.SH,20200813,15.27,15.44,14.96,15.17,15.14,0.02999999999999936,0.1982,778329.06,1182684.451
117,601138.SH,20200812,14.38,15.27,14.34,15.14,14.16,0.9800000000000004,6.9209,1195039.93,1766522.597
118,601138.SH,20200811,14.4,14.48,14.13,14.16,14.41,-0.25,-1.7349,309163.58,442390.542
119,601138.SH,20200810,14.19,14.52,14.11,14.41,14.3,0.10999999999999943,0.7692,339467.19,487413.607
120,601138.SH,20200807,14.48,14.48,14.17,14.3,14.5,-0.1999999999999993,-1.3793,373797.77,534630.271
121,601138.SH,20200806,14.65,14.71,14.29,14.5,14.61,-0.10999999999999943,-0.7529,459173.02,662821.36
122,601138.SH,20200805,14.83,14.84,14.53,14.61,14.68,-0.07000000000000028,-0.4768,380068.78,556437.63
123,601138.SH,20200804,14.9,14.97,14.51,14.68,14.89,-0.21000000000000085,-1.4103,486832.59,715488.215
124,601138.SH,20200803,14.68,14.99,14.67,14.89,14.59,0.3000000000000007,2.0562,508010.67,752974.98
125,601138.SH,20200731,14.28,14.83,14.27,14.59,14.29,0.3000000000000007,2.0994,540652.75,787750.163
126,601138.SH,20200730,14.51,14.56,14.28,14.29,14.51,-0.22000000000000064,-1.5162,340125.4,489209.465
127,601138.SH,20200729,14.22,14.55,14.07,14.51,14.21,0.29999999999999893,2.1112,446593.7,642568.55
128,601138.SH,20200728,14.15,14.37,14.08,14.21,14.01,0.20000000000000107,1.4276,312419.21,444170.727
129,601138.SH,20200727,14.23,14.3,13.85,14.01,14.16,-0.15000000000000036,-1.0593,384133.31,538939.301
130,601138.SH,20200724,14.92,15.06,14.06,14.16,14.98,-0.8200000000000003,-5.474,682951.1,989868.79
131,601138.SH,20200723,15.17,15.22,14.61,14.98,15.36,-0.379999999999999,-2.474,582933.85,869142.774
132,601138.SH,20200722,15.44,15.56,15.25,15.36,15.43,-0.07000000000000028,-0.4537,416533.51,641824.14
133,601138.SH,20200721,15.4,15.49,15.15,15.43,15.29,0.14000000000000057,0.9156,461382.92,707697.244
134,601138.SH,20200720,14.88,15.33,14.74,15.29,14.79,0.5,3.3807,517190.19,777592.037
135,601138.SH,20200717,15.08,15.16,14.54,14.79,14.87,-0.08000000000000007,-0.538,679170.67,1009220.943
136,601138.SH,20200716,16.13,16.37,14.77,14.87,16.2,-1.33,-8.2099,1044330.12,1623940.881
137,601138.SH,20200715,16.83,17.09,16.13,16.2,16.59,-0.39000000000000057,-2.3508,810080.6,1343779.303
138,601138.SH,20200714,16.53,16.84,16.25,16.59,16.5,0.08999999999999986,0.5455,844747.6,1400077.134
139,601138.SH,20200713,15.96,16.57,15.9,16.5,16.03,0.46999999999999886,2.932,809180.31,1320409.807
140,601138.SH,20200710,16.68,16.68,15.9,16.03,16.72,-0.6899999999999977,-4.1268,932744.34,1517897.518
141,601138.SH,20200709,16.38,16.87,16.29,16.72,16.4,0.3200000000000003,1.9512,999153.69,1657624.45
142,601138.SH,20200708,16.3,16.47,16.03,16.4,16.38,0.019999999999999574,0.1221,887583.06,1443993.281
143,601138.SH,20200707,16.5,16.87,16.36,16.38,16.49,-0.10999999999999943,-0.6671,1115810.17,1848198.037
144,601138.SH,20200706,16.21,16.81,16.2,16.49,15.91,0.5799999999999983,3.6455,1229308.32,2023770.967
145,601138.SH,20200703,15.65,16.25,15.56,15.91,15.61,0.3000000000000007,1.9218,1297944.59,2071258.853
146,601138.SH,20200702,15.34,15.68,15.18,15.61,15.42,0.1899999999999995,1.2322,1082959.01,1668685.08
147,601138.SH,20200701,15.2,15.45,15.02,15.42,15.15,0.2699999999999996,1.7822,878192.92,1337872.703
148,601138.SH,20200630,15.19,15.25,14.92,15.15,15.02,0.13000000000000078,0.8655,752560.46,1135545.409
149,601138.SH,20200629,15.2933,15.2933,14.8096,15.0268,15.323,-0.2962000000000007,-1.933,1049711.83,1600030.898
150,601138.SH,20200624,13.9704,15.323,13.921,15.323,13.9309,1.392100000000001,9.9929,1852613.81,2796533.035
151,601138.SH,20200623,14.1777,14.2073,13.8519,13.9309,14.2172,-0.28630000000000067,-2.0138,490115.16,693937.439
152,601138.SH,20200622,14.1777,14.4344,14.1283,14.2172,14.1678,0.04940000000000033,0.3487,535622.77,773866.652
153,601138.SH,20200619,14.2468,14.3159,14.0888,14.1678,14.2172,-0.04940000000000033,-0.3475,437882.3,628318.877
154,601138.SH,20200618,14.0691,14.2666,13.9309,14.2172,14.0691,0.14809999999999945,1.0527,501653.34,719706.672
155,601138.SH,20200617,13.7926,14.1777,13.7137,14.0691,13.8519,0.21720000000000006,1.568,512881.65,727272.764
156,601138.SH,20200616,13.5656,13.8618,13.5656,13.8519,13.4965,0.35540000000000127,2.6333,376143.35,522587.613
157,601138.SH,20200615,13.5063,13.763,13.4866,13.4965,13.6347,-0.1382000000000012,-1.0136,311905.15,430131.054
158,601138.SH,20200612,13.5261,13.7433,13.4471,13.6347,13.842,-0.20730000000000004,-1.4976,404305.16,557870.391
159,601138.SH,20200611,14.0691,14.1678,13.7828,13.842,14.0987,-0.2566999999999986,-1.8207,445750.17,629868.074
160,601138.SH,20200610,14.3752,14.4048,14.0197,14.0987,14.3653,-0.2666000000000004,-1.8559,400340.25,573193.046
161,601138.SH,20200609,14.2172,14.464,14.0395,14.3653,14.079,0.2862999999999989,2.0335,558615.74,810704.771
162,601138.SH,20200608,14.0691,14.3653,14.0197,14.079,13.9012,0.1778000000000013,1.279,419715.78,602422.985
163,601138.SH,20200605,13.9802,14.079,13.7038,13.9012,13.9802,-0.07900000000000063,-0.5651,313335.73,440290.269
164,601138.SH,20200604,14.0691,14.1974,13.9506,13.9802,14.0395,-0.05930000000000035,-0.4224,326054.35,463959.37
165,601138.SH,20200603,14.0888,14.3258,13.842,14.0395,13.9802,0.05930000000000035,0.4242,617704.54,882340.437
166,601138.SH,20200602,13.7235,14.0987,13.6742,13.9802,13.7038,0.27640000000000065,2.017,557639.21,788167.655
167,601138.SH,20200601,13.2891,13.7532,13.2792,13.7038,13.2398,0.46399999999999864,3.5046,485643.03,669725.475
168,601138.SH,20200529,13.2299,13.2792,13.0423,13.2398,13.2891,-0.04929999999999879,-0.371,337257.1,449526.378
169,601138.SH,20200528,13.3286,13.457,13.0324,13.2891,13.3089,-0.01980000000000004,-0.1488,222955.94,299141.615
170,601138.SH,20200527,13.3879,13.4175,13.1904,13.3089,13.3286,-0.019700000000000273,-0.1478,290720.68,391646.998
171,601138.SH,20200526,13.0127,13.3681,13.0127,13.3286,12.9534,0.37519999999999953,2.8965,288665.38,386219.56
172,601138.SH,20200525,13.0818,13.1015,12.8448,12.9534,13.0917,-0.1382999999999992,-1.0564,268733.07,352216.638
173,601138.SH,20200522,13.4076,13.5656,13.062,13.0917,13.4273,-0.33560000000000123,-2.4994,341131.98,457353.104
174,601138.SH,20200521,13.7038,13.7828,13.3977,13.4273,13.6742,-0.24690000000000012,-1.8056,280033.8,385497.84
175,601138.SH,20200520,13.6149,13.7729,13.4372,13.6742,13.6051,0.0691000000000006,0.5079,335805.67,464336.859
176,601138.SH,20200519,13.3681,13.6149,13.3681,13.6051,13.3187,0.28640000000000043,2.1504,362801.55,497468.894
177,601138.SH,20200518,13.457,13.5261,13.1312,13.3187,13.6149,-0.2962000000000007,-2.1756,459788.4,619925.031
178,601138.SH,20200515,13.5656,13.7433,13.4076,13.6149,13.5162,0.0987000000000009,0.7302,367165.23,505467.611
179,601138.SH,20200514,13.8914,13.9506,13.4866,13.5162,14.0,-0.48380000000000045,-3.4557,645481.75,894065.325
180,601138.SH,20200513,13.921,14.0493,13.8223,14.0,14.0493,-0.049300000000000566,-0.3509,295336.4,417694.766
181,601138.SH,20200512,14.2666,14.2666,13.9111,14.0493,14.3357,-0.28639999999999866,-1.9978,388243.0,551811.515
182,601138.SH,20200511,14.3159,14.5035,14.1678,14.3357,14.2567,0.07899999999999885,0.5541,474524.63,687902.774
183,601138.SH,20200508,14.2962,14.4146,14.1579,14.2567,14.1974,0.05930000000000035,0.4177,485977.04,702469.145
184,601138.SH,20200507,14.5627,14.6911,14.1382,14.1974,14.5726,-0.37519999999999953,-2.5747,523701.78,761131.214
185,601138.SH,20200506,14.2468,14.6319,14.2073,14.5726,14.5035,0.06909999999999883,0.4764,599899.54,875817.5
186,601138.SH,20200430,14.1283,14.6022,14.0888,14.5035,14.0592,0.44430000000000014,3.1602,666470.37,973308.738
187,601138.SH,20200429,13.9802,14.1481,13.9309,14.0592,14.0296,0.029600000000000293,0.211,326767.95,464891.222
188,601138.SH,20200428,13.8321,14.1974,13.3089,14.0296,13.7729,0.2567000000000004,1.8638,696155.18,979092.432
189,601138.SH,20200427,13.8223,13.9605,13.5458,13.7729,13.7729,0.0,0.0,318310.99,444348.843
190,601138.SH,20200424,13.7828,13.9802,13.7038,13.7729,13.7828,-0.00990000000000002,-0.0718,355312.23,497676.484
191,601138.SH,20200423,14.0691,14.079,13.7433,13.7828,13.8815,-0.0987000000000009,-0.711,331959.39,466870.786
192,601138.SH,20200422,13.8815,13.921,13.7137,13.8815,13.9802,-0.09869999999999912,-0.706,360322.97,504479.037
193,601138.SH,20200421,14.1185,14.1777,13.7729,13.9802,14.2863,-0.3061000000000007,-2.1426,547496.32,774211.38
194,601138.SH,20200420,13.8815,14.2863,13.7334,14.2863,13.8124,0.47390000000000043,3.431,728973.75,1040937.001
195,601138.SH,20200417,14.0395,14.2073,13.7926,13.8124,13.8716,-0.059200000000000585,-0.4268,721172.46,1023267.949
196,601138.SH,20200416,13.5754,13.9309,13.3977,13.8716,13.6939,0.17770000000000152,1.2977,545740.16,759852.481
197,601138.SH,20200415,13.6347,13.8716,13.5656,13.6939,13.6347,0.05919999999999881,0.4342,512411.5,711242.24
198,601138.SH,20200414,13.1114,13.6544,13.062,13.6347,12.9831,0.6516000000000002,5.0188,595887.9,807993.225
199,601138.SH,20200413,13.2694,13.2694,12.8745,12.9831,13.4471,-0.4640000000000004,-3.4506,453101.49,598645.51
200,601138.SH,20200410,13.763,13.763,13.3286,13.4471,13.7729,-0.3257999999999992,-2.3655,471113.03,645617.19
201,601138.SH,20200409,13.9901,14.0395,13.7532,13.7729,13.9605,-0.18759999999999977,-1.3438,421601.29,591859.182
202,601138.SH,20200408,13.8716,14.0888,13.7729,13.9605,13.9704,-0.00990000000000002,-0.0709,492067.43,693769.99
203,601138.SH,20200407,14.1678,14.2172,13.842,13.9704,13.7828,0.18759999999999977,1.3611,762863.52,1081042.36
204,601138.SH,20200403,13.7235,14.0987,13.4965,13.7828,13.8025,-0.019700000000000273,-0.1427,763412.55,1066775.286
205,601138.SH,20200402,13.1706,13.8914,13.1608,13.8025,13.2398,0.5626999999999995,4.2501,855236.51,1171735.381
206,601138.SH,20200401,12.9633,13.5557,12.9534,13.2398,13.0423,0.19750000000000156,1.5143,791176.54,1065901.701
207,601138.SH,20200331,13.1213,13.1312,12.8646,13.0423,12.6572,0.38509999999999955,3.0425,631417.21,832023.009
208,601138.SH,20200330,12.677,12.7658,12.2722,12.6572,12.9041,-0.24690000000000012,-1.9133,625929.32,794639.881
209,601138.SH,20200327,13.3286,13.378,12.8745,12.9041,13.1213,-0.21720000000000006,-1.6553,678490.85,897665.602
210,601138.SH,20200326,13.2398,13.3484,13.0818,13.1213,13.378,-0.2567000000000004,-1.9188,517426.2,691446.261
211,601138.SH,20200325,13.2299,13.4273,13.0818,13.378,12.8547,0.5233000000000008,4.0709,923073.84,1241899.447
212,601138.SH,20200324,12.5881,12.9238,12.2623,12.8547,12.3611,0.49359999999999893,3.9932,907527.16,1162821.44
213,601138.SH,20200323,12.9337,13.0127,12.3512,12.3611,13.3977,-1.0366,-7.7371,941433.76,1205081.379
214,601138.SH,20200320,13.5063,13.5952,13.1213,13.3977,13.3385,0.059200000000000585,0.4438,646734.56,874463.114
215,601138.SH,20200319,13.378,13.5754,12.835,13.3385,13.3879,-0.04940000000000033,-0.369,882152.53,1181709.847
216,601138.SH,20200318,13.8716,14.0888,13.3681,13.3879,13.7334,-0.3454999999999995,-2.5158,704709.96,984491.838
217,601138.SH,20200317,14.2073,14.4048,13.1312,13.7334,14.1185,-0.38509999999999955,-2.7276,929744.79,1291392.797
218,601138.SH,20200316,15.4809,15.5402,13.9901,14.1185,15.4513,-1.3328000000000007,-8.6258,1238366.33,1845807.303
219,601138.SH,20200313,14.9873,15.787,14.8589,15.4513,15.8956,-0.44430000000000014,-2.7951,850983.64,1321246.987
220,601138.SH,20200312,16.0437,16.1326,15.629,15.8956,16.33,-0.43439999999999834,-2.6601,679763.65,1090709.84
221,601138.SH,20200311,16.4584,16.952,16.3103,16.33,16.3794,-0.04940000000000211,-0.3016,682708.33,1151262.378
222,601138.SH,20200310,15.7771,16.3893,15.5895,16.3794,15.9746,0.4047999999999998,2.534,711824.23,1157534.574
223,601138.SH,20200309,16.4682,16.567,15.9548,15.9746,16.7743,-0.7996999999999996,-4.7674,711284.02,1169356.599
224,601138.SH,20200306,16.6163,17.0113,16.488,16.7743,16.9421,-0.16779999999999973,-0.9904,667487.06,1133057.309
225,601138.SH,20200305,16.8829,17.031,16.5966,16.9421,16.5472,0.3948999999999998,2.3865,875744.96,1492182.203
226,601138.SH,20200304,17.0113,17.11,16.2115,16.5472,17.2186,-0.6713999999999984,-3.8993,1135073.67,1914633.664
227,601138.SH,20200303,17.6036,17.9196,16.9816,17.2186,17.2186,0.0,0.0,899688.54,1594423.49
228,601138.SH,20200302,17.0804,17.5148,16.6361,17.2186,16.8632,0.3553999999999995,2.1075,951533.01,1649933.62
229,601138.SH,20200228,17.8505,18.2059,16.7941,16.8632,18.6601,-1.7969000000000008,-9.6296,1159057.57,2035573.869
230,601138.SH,20200227,18.4034,18.7884,18.117,18.6601,18.4725,0.18759999999999977,1.0156,683534.6,1277517.83
231,601138.SH,20200226,19.3018,19.3314,18.2849,18.4725,19.7066,-1.2341000000000015,-6.2624,1117675.67,2137561.124
232,601138.SH,20200225,19.4005,20.0324,18.7292,19.7066,19.8843,-0.17769999999999797,-0.8937,1167120.16,2302400.791
233,601138.SH,20200224,19.4993,20.3385,19.3018,19.8843,19.3512,0.533100000000001,2.7549,1378464.17,2760684.416
234,601138.SH,20200221,18.433,19.4302,18.3836,19.3512,18.5712,0.7799999999999976,4.2001,1306980.63,2522345.791
235,601138.SH,20200220,18.354,18.7785,17.9986,18.5712,18.2553,0.31590000000000273,1.7305,995673.72,1858929.174
236,601138.SH,20200219,18.4132,18.5613,18.2256,18.2553,18.6107,-0.35540000000000305,-1.9097,671602.39,1250139.127
237,601138.SH,20200218,18.9562,18.9562,18.3639,18.6107,18.9464,-0.3356999999999992,-1.7718,858954.0,1621012.733
238,601138.SH,20200217,18.2059,19.0155,17.9887,18.9464,18.117,0.8293999999999997,4.578,828652.52,1564564.229
239,601138.SH,20200214,18.0282,18.512,17.732,18.117,18.1862,-0.0691999999999986,-0.3805,791232.29,1448287.978
240,601138.SH,20200213,18.8674,18.8674,18.1467,18.1862,18.9069,-0.7207000000000008,-3.8118,847224.52,1577966.599
241,601138.SH,20200212,18.8378,19.0056,18.5811,18.9069,18.9859,-0.07900000000000063,-0.4161,549303.07,1046295.627
242,601138.SH,20200211,18.5712,19.1438,18.5218,18.9859,18.6699,0.3160000000000025,1.6926,730479.99,1393812.1
243,601138.SH,20200210,18.6601,18.6996,17.9689,18.6699,19.055,-0.38510000000000133,-2.021,867901.42,1612161.781
244,601138.SH,20200207,19.6474,19.6474,18.4034,19.055,18.6798,0.37519999999999953,2.0086,1032332.36,1987654.479
245,601138.SH,20200206,18.3046,18.818,18.2256,18.6798,18.4527,0.22710000000000008,1.2307,532366.17,999594.721
246,601138.SH,20200205,17.9295,19.3413,17.6925,18.4527,17.7912,0.6615000000000002,3.7181,843685.74,1586448.405
247,601138.SH,20200204,16.8829,18.2454,16.8829,17.7912,17.7715,0.019700000000000273,0.1109,946081.71,1687452.214
248,601138.SH,20200203,17.7715,17.7715,17.7715,17.7715,19.7461,-1.9745999999999988,-9.9999,142866.0,257158.8
249,601138.SH,20200123,20.2397,20.5162,19.1537,19.7461,20.5853,-0.8392000000000017,-4.0767,748805.77,1503553.341
250,601138.SH,20200122,18.6601,20.7334,18.3639,20.5853,18.8476,1.7377000000000002,9.2197,917157.69,1827720.4
251,601138.SH,20200121,18.9562,19.1438,18.6403,18.8476,19.0945,-0.24690000000000012,-1.293,463624.45,885043.833
252,601138.SH,20200120,18.6403,19.2129,18.4823,19.0945,18.7489,0.345600000000001,1.8433,581995.66,1116361.931
253,601138.SH,20200117,18.1763,18.8674,18.0578,18.7489,18.1763,0.5725999999999978,3.1503,646398.86,1214813.947
254,601138.SH,20200116,18.4132,18.6304,18.1565,18.1763,18.4626,-0.2862999999999971,-1.5507,404694.52,751174.847
255,601138.SH,20200115,18.117,18.5416,18.0677,18.4626,18.1565,0.30609999999999715,1.6859,409453.77,760151.12
256,601138.SH,20200114,18.4132,18.5909,18.1269,18.1565,18.3737,-0.21719999999999828,-1.1821,463559.69,862049.876
257,601138.SH,20200113,17.7912,18.4626,17.5444,18.3737,17.8011,0.5725999999999978,3.2167,650309.99,1193145.684
258,601138.SH,20200110,18.1763,18.354,17.7221,17.8011,18.0677,-0.26659999999999684,-1.4756,379854.62,688948.847
259,601138.SH,20200109,17.4259,18.117,17.4259,18.0677,17.2976,0.7700999999999993,4.4521,789830.2,1430327.321
260,601138.SH,20200108,17.3963,17.495,17.1396,17.2976,17.6333,-0.3356999999999992,-1.9038,507464.45,888363.238
261,601138.SH,20200107,17.6925,17.7122,17.3963,17.6333,17.6728,-0.03950000000000031,-0.2235,502766.47,893421.101
262,601138.SH,20200106,17.7814,17.8998,17.4753,17.6728,17.9887,-0.31590000000000273,-1.7561,565046.82,1012684.091
263,601138.SH,20200103,18.2553,18.4034,17.8208,17.9887,18.1467,-0.1579999999999977,-0.8707,465619.08,849403.951
264,601138.SH,20200102,18.0973,18.3046,17.8801,18.1467,18.0381,0.10859999999999914,0.6021,582517.72,1070536.101
265,601138.SH,20191231,17.3963,18.1763,17.3766,18.0381,17.3766,0.6615000000000002,3.8068,674601.65,1223733.355
266,601138.SH,20191230,17.1297,17.5839,16.8533,17.3766,17.2877,0.08889999999999887,0.5142,369746.1,646958.13
267,601138.SH,20191227,17.811,17.8998,17.2285,17.2877,17.7715,-0.4837999999999987,-2.7223,503285.43,893255.993
268,601138.SH,20191226,17.7221,18.0874,17.6333,17.7715,17.8505,-0.07900000000000063,-0.4426,344773.7,622942.709
269,601138.SH,20191225,17.5839,17.9887,17.4654,17.8505,17.6431,0.2073999999999998,1.1755,467626.86,842479.534
270,601138.SH,20191224,17.732,17.8505,16.9816,17.6431,17.6431,0.0,0.0,588302.2,1038861.312
271,601138.SH,20191223,17.7715,17.9887,17.4852,17.6431,17.9196,-0.27649999999999864,-1.543,420799.26,757533.27
272,601138.SH,20191220,17.8307,18.1269,17.5543,17.9196,17.9196,0.0,0.0,487485.69,883852.717
273,601138.SH,20191219,18.6107,18.6304,17.6234,17.9196,18.6897,-0.7700999999999993,-4.1205,1060569.38,1928041.33
274,601138.SH,20191218,18.7489,18.8476,18.4725,18.6897,18.7785,-0.08880000000000265,-0.4729,471538.28,890880.144
275,601138.SH,20191217,18.7884,19.1735,18.5712,18.7785,18.9069,-0.12839999999999918,-0.6791,756936.36,1445827.939
276,601138.SH,20191216,18.5811,19.0846,18.4132,18.9069,18.6798,0.22710000000000008,1.2158,655565.0,1248062.601
277,601138.SH,20191213,17.7122,18.7785,17.5938,18.6798,17.5642,1.1156000000000006,6.3516,1186823.27,2205272.838
278,601138.SH,20191212,17.6036,17.6925,17.3173,17.5642,17.5938,-0.02960000000000207,-0.1682,439663.65,779525.236
279,601138.SH,20191211,17.5247,17.811,17.1791,17.5938,17.5247,0.06910000000000238,0.3943,467823.41,828076.834
280,601138.SH,20191210,17.3075,17.6036,17.1791,17.5247,17.3075,0.21719999999999828,1.2549,510574.3,899786.156
281,601138.SH,20191209,16.3893,17.7122,16.3893,17.3075,16.5867,0.7208000000000006,4.3457,1032385.09,1803881.351
282,601138.SH,20191206,16.8533,17.0014,16.5077,16.5867,16.9224,-0.3356999999999992,-1.9838,528428.76,892950.383
283,601138.SH,20191205,16.7151,17.031,16.5077,16.9224,16.6262,0.2961999999999989,1.7815,505328.31,862353.504
284,601138.SH,20191204,16.7348,16.7348,16.4189,16.6262,16.873,-0.24680000000000035,-1.4627,358760.93,602573.409
285,601138.SH,20191203,16.7151,17.0508,16.6558,16.873,16.8039,0.06910000000000238,0.4112,486297.65,828257.848
286,601138.SH,20191202,16.4386,16.9125,16.4287,16.8039,16.4485,0.3553999999999995,2.1607,617898.17,1049216.307
287,601138.SH,20191129,16.1326,16.6262,16.1326,16.4485,16.1721,0.27639999999999887,1.7091,502325.55,836815.849
288,601138.SH,20191128,16.2905,16.4287,16.0931,16.1721,16.33,-0.15789999999999793,-0.9669,243921.97,401061.067
289,601138.SH,20191127,16.0931,16.5571,15.945,16.33,16.2017,0.12829999999999941,0.7919,409297.28,676562.912
290,601138.SH,20191126,15.9943,16.409,15.945,16.2017,15.9943,0.20739999999999803,1.2967,474432.16,777222.316
291,601138.SH,20191125,16.646,16.6854,15.6981,15.9943,16.6065,-0.6121999999999996,-3.6865,672854.71,1099424.044
292,601138.SH,20191122,16.5768,16.7644,16.3498,16.6065,16.5867,0.01980000000000004,0.1194,686055.59,1152482.892
293,601138.SH,20191121,15.8462,16.8632,15.7475,16.5867,16.0042,0.5824999999999996,3.6397,922953.62,1537720.04
294,601138.SH,20191120,15.7969,16.2313,15.6587,16.0042,15.8759,0.1283000000000012,0.8081,619548.78,1005036.826
295,601138.SH,20191119,15.7278,15.9252,15.402,15.8759,15.7376,0.1382999999999992,0.8788,387592.18,615798.57
296,601138.SH,20191118,15.8857,16.2214,15.5599,15.7376,15.8067,-0.06909999999999883,-0.4372,459373.98,737456.335
297,601138.SH,20191115,15.708,16.2412,15.6093,15.8067,15.787,0.019699999999998496,0.1248,534548.39,864588.801
298,601138.SH,20191114,15.4809,15.9943,15.1354,15.787,15.4612,0.325800000000001,2.1072,614382.73,974305.734
299,601138.SH,20191113,15.4711,15.6389,15.2242,15.4612,15.5797,-0.11850000000000094,-0.7606,263329.89,411085.257
300,601138.SH,20191112,15.402,15.5797,14.9182,15.5797,15.3822,0.19750000000000156,1.284,370423.18,571057.677
301,601138.SH,20191111,15.6192,15.7771,15.3427,15.3822,15.7969,-0.4147000000000016,-2.6252,396301.09,624498.875
302,601138.SH,20191108,15.2045,15.8857,15.2045,15.7969,15.1255,0.6714000000000002,4.4389,781589.51,1238204.192
303,601138.SH,20191107,15.4316,15.4711,14.7306,15.1255,15.4217,-0.2961999999999989,-1.9207,562580.83,858959.557
304,601138.SH,20191106,15.6093,15.8956,15.323,15.4217,15.6981,-0.27640000000000065,-1.7607,349938.22,551992.779
305,601138.SH,20191105,15.6093,15.7771,15.4809,15.6981,15.5797,0.1183999999999994,0.76,373083.35,591052.516
306,601138.SH,20191104,15.2637,15.8265,15.165,15.5797,15.3921,0.18760000000000154,1.2188,486160.23,762943.965
307,601138.SH,20191101,15.2045,15.4711,15.1453,15.3921,15.1551,0.2370000000000001,1.5638,284335.16,441765.862
308,601138.SH,20191031,15.5007,15.787,15.0367,15.1551,15.5698,-0.4147000000000016,-2.6635,461071.77,713636.032
309,601138.SH,20191030,15.3131,15.708,15.2637,15.5698,15.5007,0.0691000000000006,0.4458,300805.42,472968.24
310,601138.SH,20191029,15.6488,16.0931,15.5007,15.5007,15.8067,-0.30599999999999916,-1.9359,457358.76,731029.008
311,601138.SH,20191028,15.8561,16.2214,15.5698,15.8067,15.6784,0.12829999999999941,0.8183,553657.58,888252.832
312,601138.SH,20191025,15.8956,15.8956,15.4414,15.6784,15.9845,-0.3061000000000007,-1.915,528429.69,837312.478
313,601138.SH,20191024,15.8759,16.0437,15.6784,15.9845,15.9055,0.07900000000000063,0.4967,499631.13,802925.382
314,601138.SH,20191023,15.4513,16.3991,15.4513,15.9055,15.6093,0.2962000000000007,1.8976,1087127.58,1754862.698
315,601138.SH,20191022,15.1354,15.6981,15.0959,15.6093,15.086,0.523299999999999,3.4688,860666.7,1353596.202
316,601138.SH,20191021,14.9972,15.1058,14.6812,15.086,15.0367,0.049300000000000566,0.3279,283167.1,427949.941
317,601138.SH,20191018,15.0663,15.244,14.7898,15.0367,15.0169,0.01980000000000004,0.1319,414398.04,630887.807
318,601138.SH,20191017,14.5924,15.2637,14.5924,15.0169,14.5825,0.4344000000000001,2.9789,558126.69,847737.304
319,601138.SH,20191016,14.8096,14.9182,14.5529,14.5825,14.7207,-0.1382000000000012,-0.9388,242810.97,362151.558
320,601138.SH,20191015,15.007,15.0959,14.7207,14.7207,15.007,-0.2862999999999989,-1.9078,270447.01,406160.847
321,601138.SH,20191014,14.9577,15.2736,14.8589,15.007,14.6319,0.37509999999999977,2.5636,595940.4,909692.849
322,601138.SH,20191011,14.5233,14.8096,14.4541,14.6319,14.4541,0.17779999999999951,1.2301,487079.03,722563.612
323,601138.SH,20191010,13.9901,14.5627,13.9309,14.4541,14.0493,0.4047999999999998,2.8813,540560.91,784547.1
324,601138.SH,20191009,14.1481,14.1678,13.7334,14.0493,14.4146,-0.3652999999999995,-2.5342,501055.56,708393.9
325,601138.SH,20191008,14.3455,14.8491,14.3455,14.4146,14.2172,0.19740000000000002,1.3885,466210.07,687445.189
326,601138.SH,20190930,14.8096,14.8096,14.2073,14.2172,14.8787,-0.6615000000000002,-4.446,451439.24,658744.391
327,601138.SH,20190927,14.8096,15.165,14.4146,14.8787,14.8392,0.03950000000000031,0.2662,602215.89,905581.594
328,601138.SH,20190926,15.55,15.6587,14.5134,14.8392,15.1453,-0.3061000000000007,-2.0211,1032266.02,1581945.542
329,601138.SH,20190925,15.2835,15.402,14.9379,15.1453,15.3921,-0.24679999999999858,-1.6034,984749.99,1510407.131
330,601138.SH,20190924,14.0888,15.3921,14.0888,15.3921,14.0296,1.362499999999999,9.7116,1602772.2,2428371.595
331,601138.SH,20190923,14.1481,14.1974,13.8321,14.0296,14.306,-0.27639999999999887,-1.9321,357982.22,506466.527
332,601138.SH,20190920,14.2863,14.5627,14.1974,14.306,14.306,0.0,0.0,429255.6,625183.022
333,601138.SH,20190919,14.2666,14.3554,14.0987,14.306,14.1777,0.12829999999999941,0.9049,319646.94,460957.982
334,601138.SH,20190918,13.9901,14.4146,13.9704,14.1777,13.9901,0.18759999999999977,1.3409,519093.73,745563.231
335,601138.SH,20190917,14.2271,14.3752,13.9605,13.9901,14.6911,-0.7010000000000005,-4.7716,650958.74,935751.276
336,601138.SH,20190916,14.8688,14.8688,14.4245,14.6911,15.1156,-0.4245000000000001,-2.8084,727499.47,1079049.539
337,601138.SH,20190912,15.0761,15.7574,14.6516,15.1156,15.0169,0.0987000000000009,0.6573,967278.79,1479024.279
338,601138.SH,20190911,14.9873,15.2835,14.8688,15.0169,14.9083,0.10859999999999914,0.7285,600171.3,917094.026
339,601138.SH,20190910,15.086,15.244,14.7306,14.9083,15.165,-0.2566999999999986,-1.6927,575910.65,873652.422
340,601138.SH,20190909,15.323,15.3921,14.928,15.165,15.1156,0.049399999999998556,0.3268,830653.1,1273423.974
341,601138.SH,20190906,15.1946,15.4612,14.9083,15.1156,15.007,0.10860000000000092,0.7237,658614.18,1014090.622
342,601138.SH,20190905,15.0169,15.5599,14.8392,15.007,14.9379,0.06909999999999883,0.4626,967057.43,1485586.43
343,601138.SH,20190904,14.7108,15.0663,14.5035,14.9379,14.8194,0.11850000000000094,0.7996,731735.38,1098477.219
344,601138.SH,20190903,14.3455,14.8491,14.0099,14.8194,14.3357,0.4837000000000007,3.3741,875215.68,1285408.255
345,601138.SH,20190902,13.9407,14.4245,13.9111,14.3357,14.0296,0.30609999999999893,2.1818,576532.09,829257.483
346,601138.SH,20190830,14.2863,14.4936,13.8519,14.0296,14.1876,-0.15799999999999947,-1.1136,539298.24,777040.433
347,601138.SH,20190829,14.0,14.3554,13.8124,14.1876,13.9012,0.28640000000000043,2.0603,611673.69,875475.211
348,601138.SH,20190828,14.2172,14.2172,13.8618,13.9012,14.2172,-0.3160000000000007,-2.2227,412014.07,583096.686
349,601138.SH,20190827,14.2172,14.385,14.0493,14.2172,14.0493,0.1678999999999995,1.1951,582933.28,839474.624
350,601138.SH,20190826,14.2962,14.4443,13.5952,14.0493,14.7602,-0.7108999999999988,-4.8163,878336.42,1250575.266
351,601138.SH,20190823,14.7207,14.9577,14.4838,14.7602,14.6319,0.12829999999999941,0.8769,512696.98,764844.533
352,601138.SH,20190822,14.9379,15.0959,14.4245,14.6319,14.9577,-0.325800000000001,-2.1781,659191.18,984257.083
353,601138.SH,20190821,14.5924,15.0268,14.4541,14.9577,14.5825,0.3752000000000013,2.5729,835789.62,1252501.784
354,601138.SH,20190820,14.8096,14.9478,14.5627,14.5825,14.8984,-0.31590000000000096,-2.1204,696171.33,1036385.548
355,601138.SH,20190819,14.5924,15.1453,14.543,14.8984,14.1777,0.7207000000000008,5.0833,1362050.64,2046562.428
356,601138.SH,20190816,14.0691,14.8096,14.0197,14.1777,14.1086,0.0691000000000006,0.4898,1133524.36,1655650.511
357,601138.SH,20190815,13.1706,14.1876,13.1509,14.1086,13.5162,0.5923999999999996,4.3829,992644.81,1379756.506
358,601138.SH,20190814,13.6446,13.8716,13.3582,13.5162,13.3187,0.1974999999999998,1.4829,1135012.88,1566341.329
359,601138.SH,20190813,12.5092,13.4471,12.4795,13.3187,12.6967,0.6219999999999999,4.8989,878375.17,1169815.276
360,601138.SH,20190812,12.134,12.7165,12.0649,12.6967,12.134,0.5626999999999995,4.6374,424903.41,533738.872
361,601138.SH,20190809,12.2919,12.4104,12.0254,12.134,12.1932,-0.05919999999999881,-0.4855,280210.01,346738.296
362,601138.SH,20190808,12.1438,12.2525,12.0649,12.1932,12.0846,0.10859999999999914,0.8987,215741.7,265785.296
363,601138.SH,20190807,12.2228,12.3216,12.0352,12.0846,12.1735,-0.08890000000000065,-0.7303,243427.65,300094.919
364,601138.SH,20190806,12.1735,12.2623,11.7489,12.1735,12.4598,-0.2862999999999989,-2.2978,527125.64,641966.631
365,601138.SH,20190805,12.5881,12.7165,12.4302,12.4598,12.7264,-0.2666000000000004,-2.0949,349318.83,443681.003
366,601138.SH,20190802,12.7856,12.9436,12.5092,12.7264,13.2496,-0.5231999999999992,-3.9488,600947.17,775625.517
367,601138.SH,20190801,13.378,13.4471,13.0917,13.2496,13.4965,-0.24690000000000012,-1.8294,436962.05,586818.759
368,601138.SH,20190731,13.1312,13.5754,13.1312,13.4965,13.22,0.27649999999999864,2.0915,595441.75,809026.328
369,601138.SH,20190730,13.1509,13.3484,13.1312,13.22,13.141,0.07900000000000063,0.6012,315560.05,422709.479
370,601138.SH,20190729,13.1312,13.4668,13.0324,13.141,13.0818,0.059200000000000585,0.4525,471356.82,630895.188
371,601138.SH,20190726,13.2003,13.2694,13.0423,13.0818,13.2398,-0.15800000000000125,-1.1934,410975.42,546374.622
372,601138.SH,20190725,12.8942,13.4668,12.8448,13.2398,12.8942,0.345600000000001,2.6803,865720.46,1156544.218
373,601138.SH,20190724,12.3413,13.1608,12.3314,12.8942,12.2722,0.6219999999999999,5.0684,759559.44,983857.608
374,601138.SH,20190723,12.0846,12.3216,12.0451,12.2722,12.0945,0.17769999999999975,1.4693,203142.32,250828.95
375,601138.SH,20190722,12.3611,12.4005,11.9464,12.0945,12.3018,-0.20730000000000004,-1.6851,254800.92,313152.021
376,601138.SH,20190719,12.1932,12.4894,12.1735,12.3018,12.2031,0.0987000000000009,0.8088,224564.1,281019.116
377,601138.SH,20190718,12.5486,12.5486,12.1735,12.2031,12.6474,-0.44430000000000014,-3.513,380636.04,475908.275
378,601138.SH,20190717,12.519,12.7165,12.3907,12.6474,12.4993,0.14809999999999945,1.1849,386942.81,493100.692
379,601138.SH,20190716,12.519,12.677,12.4104,12.4993,12.598,-0.0987000000000009,-0.7835,289725.28,366758.274
380,601138.SH,20190715,12.4894,12.7362,11.9266,12.598,12.6079,-0.00990000000000002,-0.0785,486774.42,609445.342
381,601138.SH,20190712,12.5783,12.6869,12.4203,12.6079,12.6276,-0.019699999999998496,-0.156,234468.51,299167.521
382,601138.SH,20190711,12.677,12.8251,12.5486,12.6276,12.5684,0.05919999999999881,0.471,316966.27,406964.803
383,601138.SH,20190710,12.6375,12.7066,12.4894,12.5684,12.5486,0.01980000000000004,0.1578,232120.63,295643.753
384,601138.SH,20190709,12.4499,12.7066,12.3907,12.5486,12.519,0.029600000000000293,0.2364,314607.14,399945.065
385,601138.SH,20190708,12.9139,12.9831,12.3216,12.519,12.9831,-0.4641000000000002,-3.5746,601932.52,765691.155
386,601138.SH,20190705,13.1015,13.1213,12.7658,12.9831,13.0917,-0.10859999999999914,-0.8295,421660.5,553077.146
387,601138.SH,20190704,13.2003,13.2891,12.9534,13.0917,13.2398,-0.14810000000000123,-1.1186,506954.61,673746.297
388,601138.SH,20190703,13.1213,13.3977,12.9633,13.2398,13.1312,0.10860000000000092,0.827,781533.69,1044033.777
389,601138.SH,20190702,13.3286,13.5162,13.0324,13.1312,13.0917,0.03950000000000031,0.3017,1237680.66,1666117.411
390,601138.SH,20190701,12.2919,13.0917,12.2031,13.0917,11.897,1.1946999999999992,10.042,1196006.37,1538674.374
391,601138.SH,20190628,12.0451,12.0846,11.8279,11.897,11.9958,-0.09879999999999889,-0.8236,244160.9,294456.647
392,601138.SH,20190627,12.0056,12.1537,11.9661,11.9958,11.9563,0.039499999999998536,0.3304,332838.58,406513.533
393,601138.SH,20190626,11.8082,12.0945,11.7785,11.9563,11.8871,0.06920000000000037,0.5821,345787.68,419352.347
394,601138.SH,20190625,12.1044,12.1044,11.7292,11.8871,12.0846,-0.1974999999999998,-1.6343,368307.97,442471.472
395,601138.SH,20190624,12.1438,12.1438,11.9859,12.0846,12.1636,-0.07900000000000063,-0.6495,334182.41,407711.964
396,601138.SH,20190621,11.7983,12.2821,11.7884,12.1636,11.7983,0.3653000000000013,3.0962,752042.12,920370.074
397,601138.SH,20190620,11.6008,11.8279,11.4725,11.7983,11.5613,0.2370000000000001,2.0499,574428.05,679825.069
398,601138.SH,20190619,11.7188,11.8164,11.543,11.5625,11.377,0.18549999999999933,1.6305,636918.01,761023.377
399,601138.SH,20190618,11.4258,11.5137,11.3281,11.377,11.416,-0.0389999999999997,-0.3416,321395.54,375224.851
400,601138.SH,20190617,11.543,11.6211,11.4062,11.416,11.5332,-0.11720000000000041,-1.0162,373169.46,438436.924
401,601138.SH,20190614,11.6016,11.7969,11.5039,11.5332,11.6602,-0.1269999999999989,-1.0892,484073.54,575578.646
402,601138.SH,20190613,11.5527,11.8359,11.3477,11.6602,11.6309,0.029299999999999216,0.2519,607700.61,720544.511
403,601138.SH,20190612,11.7285,11.9043,11.5723,11.6309,11.8164,-0.18549999999999933,-1.5699,698939.62,836606.554
404,601138.SH,20190611,11.3184,11.9141,11.2305,11.8164,11.4062,0.4101999999999997,3.5963,1117536.77,1326413.192
405,601138.SH,20190610,11.2793,11.6016,11.2793,11.4062,12.5293,-1.123099999999999,-8.9638,1805590.96,2097096.625
406,601138.SH,20190606,12.7246,12.7246,12.4512,12.5293,12.7734,-0.24410000000000132,-1.911,229343.15,294883.039
407,601138.SH,20190605,12.9102,12.9785,12.7441,12.7734,12.7734,0.0,0.0,184376.06,242847.86
408,601138.SH,20190604,13.0566,13.1445,12.6758,12.7734,13.0664,-0.29299999999999926,-2.2424,248294.79,327188.664
409,601138.SH,20190603,13.2812,13.3301,12.8906,13.0664,13.3594,-0.29300000000000104,-2.1932,276274.08,371005.929
410,601138.SH,20190531,13.1738,13.4277,13.0957,13.3594,13.1543,0.20510000000000161,1.5592,315202.56,429250.206
411,601138.SH,20190530,13.1738,13.2031,13.0469,13.1543,13.3105,-0.15620000000000012,-1.1735,198247.46,266191.36
412,601138.SH,20190529,12.9785,13.4277,12.9395,13.3105,13.0859,0.2245999999999988,1.7164,395336.3,536662.498
413,601138.SH,20190528,12.9492,13.0859,12.8613,13.0859,12.9492,0.13670000000000115,1.0557,258606.35,343502.554
414,601138.SH,20190527,12.6562,13.0078,12.5977,12.9492,12.5977,0.3514999999999997,2.7902,248708.22,326904.625
415,601138.SH,20190524,12.7246,12.8223,12.5977,12.5977,12.7344,-0.13670000000000115,-1.0735,193651.23,251180.594
416,601138.SH,20190523,13.0566,13.0566,12.6758,12.7344,13.0566,-0.3221999999999987,-2.4677,289080.29,377773.701
417,601138.SH,20190522,13.2324,13.4277,12.998,13.0566,13.1836,-0.12700000000000067,-0.9633,295475.37,399741.359
418,601138.SH,20190521,12.8809,13.2617,12.8223,13.1836,12.8906,0.29300000000000104,2.273,324853.19,436838.668
419,601138.SH,20190520,12.8516,12.9883,12.4805,12.8906,12.8906,0.0,0.0,292734.36,381947.511
420,601138.SH,20190517,13.5254,13.6133,12.8223,12.8906,13.5059,-0.6153000000000013,-4.5558,467043.7,631300.224
421,601138.SH,20190516,13.5547,13.5547,13.3984,13.5059,13.5645,-0.05860000000000021,-0.432,271619.91,374866.475
422,601138.SH,20190515,13.4375,13.6426,13.3984,13.5645,13.291,0.2735000000000003,2.0578,371113.48,513378.86
423,601138.SH,20190514,13.291,13.5156,13.2422,13.291,13.5547,-0.26370000000000005,-1.9455,315861.33,432205.981
424,601138.SH,20190513,13.6719,13.7109,13.4473,13.5547,13.8867,-0.33199999999999896,-2.3908,339262.26,471730.749
425,601138.SH,20190510,13.6816,13.9551,12.8711,13.8867,13.5059,0.3807999999999989,2.8195,605004.08,850858.228
426,601138.SH,20190509,13.4473,13.7207,13.3789,13.5059,13.6328,-0.12689999999999912,-0.9308,312524.08,434588.407
427,601138.SH,20190508,13.4766,13.9648,13.3203,13.6328,13.8477,-0.2149000000000001,-1.5519,390252.98,546763.07
428,601138.SH,20190507,13.6328,13.9941,13.5742,13.8477,13.5938,0.2538999999999998,1.8678,486989.68,686660.583
429,601138.SH,20190506,14.8437,14.8437,13.5547,13.5938,15.0586,-1.4648000000000003,-9.7273,790925.58,1140330.98
430,601138.SH,20190430,15.0977,15.498,14.8437,15.0586,15.1367,-0.07809999999999917,-0.516,500720.16,778371.63
431,601138.SH,20190429,15.7715,15.8496,15.1074,15.1367,15.6348,-0.4981000000000009,-3.1858,528341.78,832383.825
432,601138.SH,20190426,15.7227,16.0449,15.6348,15.6348,15.791,-0.15620000000000012,-0.9892,484431.34,787034.755
433,601138.SH,20190425,16.2891,16.5234,15.7812,15.791,16.5332,-0.7422000000000004,-4.4891,726138.88,1199981.763
434,601138.SH,20190424,16.5332,16.6992,16.2793,16.5332,16.7773,-0.24409999999999954,-1.4549,695796.26,1174254.77
435,601138.SH,20190423,16.748,17.1094,16.0547,16.7773,16.6797,0.09759999999999991,0.5851,1305676.89,2227477.461
436,601138.SH,20190422,17.3047,17.3145,16.6211,16.6797,17.4707,-0.7910000000000004,-4.5276,1134875.39,1958106.492
437,601138.SH,20190419,18.0957,18.2227,17.2754,17.4707,19.1504,-1.6797000000000004,-8.7711,2287107.76,4151934.959
438,601138.SH,20190418,17.9688,19.2383,17.4805,19.1504,17.4902,1.6601999999999997,9.4922,3580842.48,6858181.563
439,601138.SH,20190417,16.2207,17.4902,15.9277,17.4902,15.8984,1.591800000000001,10.0123,2177426.62,3774130.911
440,601138.SH,20190416,15.1172,15.9473,14.9707,15.8984,15.1367,0.7617000000000012,5.0321,817887.94,1309737.07
441,601138.SH,20190415,15.5859,15.6641,15.1367,15.1367,15.3418,-0.20509999999999984,-1.3369,350383.28,554678.05
442,601138.SH,20190412,15.3613,15.4785,15.1465,15.3418,15.3027,0.03909999999999947,0.2555,218742.69,343077.206
443,601138.SH,20190411,15.5078,15.6738,15.3027,15.3027,15.5273,-0.22460000000000058,-1.4465,333553.65,527666.405
444,601138.SH,20190410,15.6152,15.7422,15.3223,15.5273,15.8301,-0.3027999999999995,-1.9128,437191.3,694666.244
445,601138.SH,20190409,15.5762,15.957,15.5176,15.8301,15.2539,0.5762,3.7774,805290.71,1298697.286
446,601138.SH,20190408,15.5371,15.7031,14.9902,15.2539,15.4688,-0.2149000000000001,-1.3892,505724.18,792597.835
447,601138.SH,20190404,15.7227,15.8203,15.332,15.4688,15.7031,-0.2342999999999993,-1.4921,584961.83,929784.817
448,601138.SH,20190403,15.6543,15.8594,15.3809,15.7031,15.6348,0.06829999999999892,0.4368,515381.11,825297.861
449,601138.SH,20190402,15.293,16.3574,15.293,15.6348,15.1953,0.43950000000000067,2.8923,1051400.26,1705576.439
450,601138.SH,20190401,14.8437,15.3516,14.7559,15.1953,14.4043,0.7910000000000004,5.4914,774358.54,1191372.586
451,601138.SH,20190329,13.9453,14.4141,13.8672,14.4043,13.9648,0.4394999999999989,3.1472,427428.86,621815.745
452,601138.SH,20190328,13.9062,14.2871,13.7695,13.9648,13.916,0.048799999999999955,0.3507,390179.5,560978.172
453,601138.SH,20190327,14.0137,14.0918,13.7793,13.916,13.9062,0.009800000000000253,0.0705,234664.55,333945.279
454,601138.SH,20190326,14.375,14.4629,13.8672,13.9062,14.3262,-0.41999999999999993,-2.9317,390084.88,564204.793
455,601138.SH,20190325,14.4336,14.5898,14.3164,14.3262,14.7363,-0.4100999999999999,-2.7829,348269.91,515099.44
456,601138.SH,20190322,14.9316,14.9316,14.541,14.7363,14.9414,-0.20509999999999984,-1.3727,353943.21,532798.014
457,601138.SH,20190321,14.7559,15.0684,14.6582,14.9414,14.707,0.23439999999999905,1.5938,466597.83,711362.341
458,601138.SH,20190320,14.8437,14.8633,14.4922,14.707,14.9023,-0.19529999999999959,-1.3105,320451.23,482030.005
459,601138.SH,20190319,14.8828,15.0879,14.8242,14.9023,14.834,0.0683000000000007,0.4604,371864.57,568183.347
460,601138.SH,20190318,14.5996,14.8437,14.4824,14.834,14.5117,0.32230000000000025,2.221,415598.31,624249.678
461,601138.SH,20190315,14.4922,14.7461,14.3652,14.5117,14.3848,0.12689999999999912,0.8822,397830.31,593831.875
462,601138.SH,20190314,14.9414,14.9414,14.1797,14.3848,14.9609,-0.5761000000000003,-3.8507,635031.6,941853.744
463,601138.SH,20190313,15.625,15.625,14.8633,14.9609,15.8008,-0.8399000000000001,-5.3156,815281.69,1268689.682
464,601138.SH,20190312,16.1133,16.2012,15.5371,15.8008,15.9375,-0.13669999999999938,-0.8577,964185.82,1558305.405
465,601138.SH,20190311,15.459,16.0156,15.3418,15.9375,15.4492,0.4883000000000006,3.1607,659643.85,1060482.106
466,601138.SH,20190308,16.1133,16.9434,15.3613,15.4492,16.7871,-1.3378999999999994,-7.9698,1179873.6,1940550.94
467,601138.SH,20190307,16.3574,17.4609,16.1133,16.7871,16.3281,0.45899999999999963,2.8111,1321329.29,2280033.461
468,601138.SH,20190306,15.1855,16.4941,15.1855,16.3281,15.0879,1.2401999999999997,8.2198,1459637.37,2391359.879
469,601138.SH,20190305,14.9512,15.1855,14.7949,15.0879,14.9512,0.13669999999999938,0.9143,561702.33,861868.467
470,601138.SH,20190304,14.7754,15.5176,14.7754,14.9512,14.7266,0.22460000000000058,1.5251,938904.9,1458847.461
471,601138.SH,20190301,14.8535,15.0,14.5215,14.7266,14.7363,-0.009700000000000486,-0.0658,456724.32,687604.113
472,601138.SH,20190228,14.502,14.9414,14.4727,14.7363,14.5801,0.15620000000000012,1.0713,492580.91,743079.609
473,601138.SH,20190227,14.6973,14.8437,14.2871,14.5801,14.7461,-0.16600000000000037,-1.1257,651365.21,974050.169
474,601138.SH,20190226,14.8242,15.3223,14.4727,14.7461,14.8047,-0.05860000000000021,-0.3958,1189263.07,1805866.313
475,601138.SH,20190225,14.1113,14.9902,13.9648,14.8047,13.7598,1.0449000000000002,7.5939,1364392.32,2013237.256
476,601138.SH,20190222,13.3301,13.7695,13.291,13.7598,13.3594,0.4003999999999994,2.9971,774438.23,1081643.029
477,601138.SH,20190221,13.4961,13.7402,13.3008,13.3594,13.5352,-0.17579999999999885,-1.2988,620570.45,860178.881
478,601138.SH,20190220,13.6035,13.6133,13.3301,13.5352,13.5938,-0.05860000000000021,-0.4311,420063.97,580290.973
479,601138.SH,20190219,13.6426,13.8574,13.3887,13.5938,13.623,-0.02919999999999945,-0.2143,738635.47,1030237.466
480,601138.SH,20190218,13.3691,13.6523,13.2129,13.623,13.2324,0.39059999999999917,2.9518,848100.61,1170288.433
481,601138.SH,20190215,13.3984,13.4473,13.1445,13.2324,13.5352,-0.3027999999999995,-2.2371,652451.76,887288.634
482,601138.SH,20190214,13.9648,13.9648,13.3789,13.5352,13.4668,0.06840000000000046,0.5079,1176285.9,1641975.605
483,601138.SH,20190213,12.3047,13.4668,12.1777,13.4668,12.2461,1.220699999999999,9.9681,826663.64,1098004.926
484,601138.SH,20190212,12.002,12.334,12.002,12.2461,11.8652,0.38090000000000046,3.2102,569737.78,711386.907
485,601138.SH,20190211,11.5918,11.875,11.582,11.8652,11.6211,0.24409999999999954,2.1005,264658.0,319129.833
486,601138.SH,20190201,11.3086,11.6602,11.2793,11.6211,11.2305,0.39060000000000095,3.478,187114.81,219933.106
487,601138.SH,20190131,11.3672,11.4453,11.2207,11.2305,11.3086,-0.07810000000000095,-0.6906,141520.99,163889.905
488,601138.SH,20190130,11.2988,11.4453,11.2988,11.3086,11.2891,0.01950000000000074,0.1727,103073.76,119995.798
489,601138.SH,20190129,11.4551,11.4941,11.1816,11.2891,11.4844,-0.19530000000000136,-1.7006,160485.91,186154.031
490,601138.SH,20190128,11.6016,11.6406,11.4746,11.4844,11.5234,-0.0389999999999997,-0.3384,112658.65,133441.187
491,601138.SH,20190125,11.5918,11.6504,11.5137,11.5234,11.5723,-0.04889999999999972,-0.4226,135037.71,160127.731
492,601138.SH,20190124,11.5723,11.6113,11.4258,11.5723,11.5625,0.009800000000000253,0.0848,132551.49,156690.931
493,601138.SH,20190123,11.582,11.6602,11.5527,11.5625,11.6016,-0.03909999999999947,-0.337,111451.24,132354.185
494,601138.SH,20190122,11.7871,11.8066,11.543,11.6016,11.7871,-0.1855000000000011,-1.5738,152096.98,181827.807
495,601138.SH,20190121,11.7383,11.8359,11.7188,11.7871,11.7676,0.01950000000000074,0.1657,155629.34,187871.24
496,601138.SH,20190118,11.6309,11.8066,11.6309,11.7676,11.6699,0.09769999999999968,0.8372,172269.53,206933.275
497,601138.SH,20190117,11.8652,11.8945,11.6504,11.6699,11.8359,-0.16600000000000037,-1.4025,189559.04,228227.231
498,601138.SH,20190116,12.0117,12.0215,11.7969,11.8359,11.9922,-0.15629999999999988,-1.3033,207221.13,252331.941
499,601138.SH,20190115,11.7871,12.0508,11.748,11.9922,11.8164,0.17580000000000062,1.4878,292988.25,358364.638
500,601138.SH,20190114,11.9238,12.002,11.7969,11.8164,11.8848,-0.06840000000000046,-0.5755,169248.54,205647.854
501,601138.SH,20190111,11.7383,11.9629,11.7383,11.8848,11.748,0.13680000000000092,1.1645,229027.82,278279.428
502,601138.SH,20190110,11.7969,11.8555,11.6797,11.748,11.8359,-0.0879000000000012,-0.7427,225612.4,271862.281
503,601138.SH,20190109,11.5039,12.0605,11.4355,11.8359,11.4551,0.3808000000000007,3.3243,541446.84,658337.145
504,601138.SH,20190108,11.4258,11.5625,11.3867,11.4551,11.4648,-0.009700000000000486,-0.0846,144299.06,169622.21
505,601138.SH,20190107,11.4844,11.4844,11.3379,11.4648,11.377,0.08779999999999966,0.7717,191429.1,224007.892
506,601138.SH,20190104,11.0938,11.3867,10.957,11.377,11.25,0.12700000000000067,1.1289,207382.57,238358.331
507,601138.SH,20190103,11.2988,11.416,11.25,11.25,11.3281,-0.07809999999999917,-0.6894,106395.86,123163.694
508,601138.SH,20190102,11.3867,11.4258,11.2598,11.3281,11.3184,0.00969999999999871,0.0857,115440.0,133953.196
509,601138.SH,20181228,11.3281,11.4453,11.2695,11.3184,11.2891,0.029300000000000992,0.2595,127883.48,148621.779
510,601138.SH,20181227,11.6406,11.6895,11.2891,11.2891,11.5039,-0.21480000000000032,-1.8672,153491.2,180863.504
511,601138.SH,20181226,11.4551,11.5625,11.4453,11.5039,11.5039,0.0,0.0,108281.78,127505.889
512,601138.SH,20181225,11.4551,11.543,11.2207,11.5039,11.6211,-0.11720000000000041,-1.0085,187905.33,218768.554
513,601138.SH,20181224,11.4746,11.6797,11.4551,11.6211,11.4844,0.13669999999999938,1.1903,128812.16,152961.338
514,601138.SH,20181221,11.4355,11.5234,11.3574,11.4844,11.5039,-0.019499999999998963,-0.1695,124942.13,146522.793
515,601138.SH,20181220,11.6406,11.709,11.416,11.5039,11.6504,-0.14649999999999963,-1.2575,207427.55,245078.244
516,601138.SH,20181219,11.9531,11.9922,11.6211,11.6504,11.9434,-0.29300000000000104,-2.4532,177896.58,214568.934
517,601138.SH,20181218,11.9141,12.002,11.7969,11.9434,11.9922,-0.048799999999999955,-0.4069,156544.44,190778.232
518,601138.SH,20181217,11.7188,12.0117,11.6895,11.9922,11.7773,0.2149000000000001,1.8247,285168.26,348196.723
519,601138.SH,20181214,11.9336,12.0996,11.7383,11.7773,11.9531,-0.17579999999999885,-1.4707,418032.62,510975.994
520,601138.SH,20181213,11.8652,12.0215,11.8066,11.9531,11.8066,0.14649999999999963,1.2408,275638.0,337358.823
521,601138.SH,20181212,11.7773,11.8457,11.7188,11.8066,11.7188,0.08779999999999966,0.7492,173472.0,209706.118
522,601138.SH,20181211,11.6211,11.8066,11.5918,11.7188,11.6406,0.07820000000000071,0.6718,163772.46,196556.081
523,601138.SH,20181210,11.5332,11.7285,11.4355,11.6406,11.6406,0.0,0.0,157151.46,186076.246
524,601138.SH,20181207,11.709,11.748,11.6211,11.6406,11.6797,-0.039100000000001245,-0.3348,128421.06,153494.538
525,601138.SH,20181206,11.8652,11.875,11.6602,11.6797,12.0117,-0.33199999999999896,-2.764,269619.72,324379.016
526,601138.SH,20181205,11.6113,12.0801,11.5625,12.0117,11.8164,0.19529999999999959,1.6528,409406.52,496156.179
527,601138.SH,20181204,11.7578,11.8359,11.709,11.8164,11.7188,0.09759999999999991,0.8328,330165.19,397926.314
528,601138.SH,20181203,11.748,11.8457,11.6406,11.7188,11.2598,0.45899999999999963,4.0764,461334.91,555111.751
529,601138.SH,20181130,11.1914,11.3086,11.0547,11.2598,11.1914,0.06840000000000046,0.6112,150179.16,172065.79
530,601138.SH,20181129,11.582,11.6113,11.1816,11.1914,11.5137,-0.32230000000000025,-2.7993,247714.58,289036.987
531,601138.SH,20181128,11.3867,11.5137,11.2891,11.5137,11.3867,0.12700000000000067,1.1153,158171.02,185222.881
532,601138.SH,20181127,11.5137,11.582,11.3477,11.3867,11.4551,-0.06840000000000046,-0.5971,155797.09,183035.036
533,601138.SH,20181126,11.5332,11.6309,11.4258,11.4551,11.5332,-0.07810000000000095,-0.6772,133735.11,157630.269
534,601138.SH,20181123,12.168,12.1777,11.5039,11.5332,12.1387,-0.6054999999999993,-4.9882,334613.84,402864.025
535,601138.SH,20181122,12.2266,12.2754,12.1191,12.1387,12.2266,-0.08789999999999942,-0.7189,179189.21,223515.011
536,601138.SH,20181121,12.1875,12.2949,12.1094,12.2266,12.3242,-0.09759999999999991,-0.7919,192554.14,240783.383
537,601138.SH,20181120,12.5977,12.627,12.2949,12.3242,12.7148,-0.39060000000000095,-3.072,305728.33,390753.041
538,601138.SH,20181119,12.5879,12.7539,12.4902,12.7148,12.5586,0.15620000000000012,1.2438,334782.6,434242.439
539,601138.SH,20181116,12.6074,12.6562,12.4707,12.5586,12.5879,-0.029299999999999216,-0.2328,352265.4,453220.706
540,601138.SH,20181115,12.2656,12.627,12.2559,12.5879,12.2852,0.30269999999999975,2.4639,424735.01,544430.265
541,601138.SH,20181114,12.373,12.4805,12.2754,12.2852,12.373,-0.08779999999999966,-0.7096,258545.75,327099.077
542,601138.SH,20181113,12.0801,12.4609,12.0605,12.373,12.2949,0.07809999999999917,0.6352,341033.93,428804.979
543,601138.SH,20181112,12.041,12.3047,12.0215,12.2949,12.0508,0.24409999999999954,2.0256,221763.6,277314.193
544,601138.SH,20181109,12.0605,12.1875,12.0312,12.0508,12.0996,-0.048799999999999955,-0.4033,139611.68,173000.9
545,601138.SH,20181108,12.373,12.373,12.0996,12.0996,12.2363,-0.13669999999999938,-1.1172,183835.7,230244.508
546,601138.SH,20181107,12.4219,12.5391,12.168,12.2363,12.4902,-0.2538999999999998,-2.0328,313974.67,397624.832
547,601138.SH,20181106,12.207,12.5488,12.0215,12.4902,12.3047,0.18549999999999933,1.5076,390119.4,489123.641
548,601138.SH,20181105,12.3242,12.4512,12.168,12.3047,12.3145,-0.009800000000000253,-0.0796,355467.73,448469.66
549,601138.SH,20181102,12.3535,12.4414,12.0801,12.3145,12.0605,0.25400000000000134,2.106,496010.38,622333.723
550,601138.SH,20181101,12.1875,12.3535,12.041,12.0605,11.9629,0.09759999999999991,0.8159,412949.48,514567.137
551,601138.SH,20181031,11.9629,12.0703,11.8066,11.9629,11.8164,0.14649999999999963,1.2398,307839.88,377349.455
552,601138.SH,20181030,11.7188,11.9336,11.4746,11.8164,11.7871,0.029299999999999216,0.2486,248174.75,298502.53
553,601138.SH,20181029,11.8457,12.0605,11.6309,11.7871,11.8066,-0.019499999999998963,-0.1652,215717.45,261059.505
554,601138.SH,20181026,11.8164,12.0312,11.7188,11.8066,11.7188,0.08779999999999966,0.7492,240787.01,292714.173
555,601138.SH,20181025,11.4746,11.8066,11.3379,11.7188,11.9043,-0.18549999999999933,-1.5583,254227.05,300391.673
556,601138.SH,20181024,11.8945,12.0703,11.8457,11.9043,11.9043,0.0,0.0,229789.72,281169.322
557,601138.SH,20181023,12.2559,12.3047,11.8457,11.9043,12.3535,-0.44920000000000115,-3.6362,432080.73,532761.074
558,601138.SH,20181022,11.4258,12.4609,11.3477,12.3535,11.3379,1.015600000000001,8.9576,712295.65,875304.288
559,601138.SH,20181019,10.9082,11.3477,10.8496,11.3379,11.1133,0.2245999999999988,2.021,329658.65,376551.388
560,601138.SH,20181018,11.3574,11.3672,11.0742,11.1133,11.4844,-0.3711000000000002,-3.2313,227585.51,261844.967
561,601138.SH,20181017,11.4941,11.582,11.25,11.4844,11.2988,0.18560000000000088,1.6427,234822.57,275033.719
562,601138.SH,20181016,11.6211,11.7383,11.2305,11.2988,11.6113,-0.3125,-2.6913,235142.49,275682.963
563,601138.SH,20181015,11.7188,12.0117,11.582,11.6113,11.6797,-0.06840000000000046,-0.5856,261871.13,316493.994
564,601138.SH,20181012,11.7871,11.8848,11.1816,11.6797,12.0508,-0.3711000000000002,-3.0795,455082.75,537993.954
565,601138.SH,20181011,12.7051,12.8613,12.0508,12.0508,13.3887,-1.3378999999999994,-9.9928,560642.2,709169.25
566,601138.SH,20181010,13.4668,13.4863,13.3398,13.3887,13.4082,-0.01950000000000074,-0.1454,135233.84,185669.575
567,601138.SH,20181009,13.4375,13.5352,13.3398,13.4082,13.3984,0.009800000000000253,0.0731,172033.25,236509.972
568,601138.SH,20181008,13.6719,13.6719,13.3887,13.3984,13.9062,-0.5077999999999996,-3.6516,285599.36,394775.385
569,601138.SH,20180928,13.877,13.9551,13.8574,13.9062,13.8672,0.0389999999999997,0.2812,180089.84,256481.682
570,601138.SH,20180927,14.1504,14.1797,13.8574,13.8672,14.209,-0.3417999999999992,-2.4055,341097.78,488678.422
571,601138.SH,20180926,14.2578,14.4434,14.0918,14.209,14.0918,0.11720000000000041,0.8317,372768.29,543684.911
572,601138.SH,20180925,14.0137,14.1895,13.9551,14.0918,14.1113,-0.01950000000000074,-0.1382,231668.57,332988.748
573,601138.SH,20180921,13.9648,14.1406,13.8867,14.1113,13.9355,0.17580000000000062,1.2615,333517.96,479670.903
574,601138.SH,20180920,14.0332,14.082,13.9258,13.9355,14.082,-0.1465000000000014,-1.0403,213853.03,306273.789
575,601138.SH,20180919,13.9062,14.1992,13.877,14.082,13.9746,0.10740000000000016,0.7685,323144.95,463842.856
576,601138.SH,20180918,13.7305,14.0039,13.7207,13.9746,13.8379,0.13670000000000115,0.9879,247625.61,352231.145
577,601138.SH,20180917,14.2188,14.2188,13.8281,13.8379,14.2578,-0.41990000000000016,-2.9451,261016.21,373286.516
578,601138.SH,20180914,14.4434,14.4629,14.2383,14.2578,14.4434,-0.18560000000000088,-1.285,233028.06,341644.007
579,601138.SH,20180913,14.5215,14.5898,14.1992,14.4434,14.375,0.06840000000000046,0.4758,265940.98,391537.508
580,601138.SH,20180912,14.3359,14.5312,14.3164,14.375,14.3457,0.029299999999999216,0.2042,181131.8,267306.826
581,601138.SH,20180911,14.2871,14.5312,14.2383,14.3457,14.2871,0.05860000000000021,0.4102,204420.07,300589.866
582,601138.SH,20180910,14.4531,14.4922,14.2871,14.2871,14.541,-0.2538999999999998,-1.7461,226161.85,332303.94
583,601138.SH,20180907,14.6484,14.834,14.375,14.541,14.6777,-0.13669999999999938,-0.9313,362796.07,543003.698
584,601138.SH,20180906,14.2676,15.0391,14.2285,14.6777,14.2871,0.39059999999999917,2.7339,625923.78,945223.171
585,601138.SH,20180905,14.5117,14.541,14.2676,14.2871,14.5801,-0.29299999999999926,-2.0096,236974.02,349522.515
586,601138.SH,20180904,14.3457,14.6387,14.3164,14.5801,14.3555,0.22460000000000058,1.5646,240883.28,357937.501
587,601138.SH,20180903,14.3652,14.4238,14.1699,14.3555,14.4434,-0.0879000000000012,-0.6086,225557.66,329832.748
588,601138.SH,20180831,14.4043,14.6191,14.3262,14.4434,14.4531,-0.00969999999999871,-0.0671,203200.97,301160.931
589,601138.SH,20180830,14.7754,14.8047,14.4336,14.4531,14.7559,-0.3028000000000013,-2.0521,292614.54,436880.583
590,601138.SH,20180829,14.9902,15.0098,14.7168,14.7559,14.9609,-0.20500000000000007,-1.3702,297976.05,451580.494
591,601138.SH,20180828,14.9512,15.1172,14.8633,14.9609,14.9512,0.009700000000000486,0.0649,315558.27,483808.953
592,601138.SH,20180827,14.6484,15.0586,14.6484,14.9512,14.6387,0.3125,2.1348,540954.68,825814.174
593,601138.SH,20180824,14.6875,14.7656,14.5703,14.6387,14.7754,-0.13669999999999938,-0.9252,254492.58,382018.752
594,601138.SH,20180823,14.4238,14.8437,14.4238,14.7754,14.3945,0.3808999999999987,2.6461,483485.54,726749.79
595,601138.SH,20180822,14.6387,14.6387,14.3555,14.3945,14.668,-0.2734999999999985,-1.8646,277602.31,412042.703
596,601138.SH,20180821,14.5508,14.7852,14.4629,14.668,14.5703,0.09769999999999968,0.6705,350599.9,525981.562
597,601138.SH,20180820,14.3066,14.5801,14.1895,14.5703,14.2871,0.283199999999999,1.9822,355908.39,524770.429
598,601138.SH,20180817,14.7363,14.7852,14.2773,14.2871,14.541,-0.2538999999999998,-1.7461,321106.73,477788.531
599,601138.SH,20180816,14.502,14.7949,14.3652,14.541,14.707,-0.16600000000000037,-1.1287,345948.13,516841.869
600,601138.SH,20180815,15.0293,15.127,14.6875,14.707,15.1465,-0.4394999999999989,-2.9017,408086.23,620369.3
601,601138.SH,20180814,15.3613,15.3906,15.0781,15.1465,15.3516,-0.20509999999999984,-1.336,446344.77,693689.985
602,601138.SH,20180813,14.834,15.459,14.7266,15.3516,15.1074,0.2441999999999993,1.6164,529925.04,822665.06
603,601138.SH,20180810,14.9609,15.166,14.9512,15.1074,15.0586,0.048799999999999955,0.3241,361170.7,557064.563
604,601138.SH,20180809,14.6387,15.2148,14.4531,15.0586,14.6582,0.4003999999999994,2.7316,618224.92,950425.491
605,601138.SH,20180808,15.0488,15.1074,14.6484,14.6582,15.1855,-0.5272999999999985,-3.4724,466053.07,709284.547
606,601138.SH,20180807,14.8437,15.2051,14.6875,15.1855,14.7852,0.40029999999999966,2.7074,452786.78,696241.558
607,601138.SH,20180806,15.4004,15.4785,14.7559,14.7852,15.4395,-0.654300000000001,-4.2378,491493.78,757691.964
608,601138.SH,20180803,15.8887,15.957,15.4297,15.4395,15.8594,-0.41990000000000016,-2.6476,518180.03,828764.283
609,601138.SH,20180802,16.5039,16.5332,15.6445,15.8594,16.582,-0.7225999999999999,-4.3577,689105.77,1133184.225
610,601138.SH,20180801,16.8457,17.002,16.5625,16.582,16.7676,-0.18560000000000088,-1.1069,452006.63,776123.681
611,601138.SH,20180731,16.7871,16.8652,16.6504,16.7676,16.7383,0.02930000000000277,0.175,291622.01,500048.026
612,601138.SH,20180730,16.7969,16.9727,16.6504,16.7383,16.8848,-0.14649999999999963,-0.8676,367710.92,631237.641
613,601138.SH,20180727,17.2656,17.2656,16.875,16.8848,17.3438,-0.4590000000000032,-2.6465,545161.75,950530.431
614,601138.SH,20180726,17.2461,17.627,17.2168,17.3438,17.2949,0.048900000000003274,0.2827,665397.46,1185426.892
615,601138.SH,20180725,17.5781,17.5879,17.1777,17.2949,17.6367,-0.34180000000000277,-1.938,859807.38,1530209.68
616,601138.SH,20180724,16.8262,17.6758,16.7969,17.6367,16.8457,0.7910000000000004,4.6956,1250544.76,2216366.249
617,601138.SH,20180723,16.709,16.8945,16.6406,16.8457,16.8945,-0.048799999999999955,-0.2889,483685.64,830800.479
618,601138.SH,20180720,16.5137,17.0703,16.3379,16.8945,16.5332,0.36129999999999995,2.1853,712704.53,1224951.713
619,601138.SH,20180719,16.7773,16.9727,16.4746,16.5332,16.8066,-0.27339999999999876,-1.6267,526952.96,897483.16
620,601138.SH,20180718,17.2754,17.3438,16.7773,16.8066,17.2754,-0.46880000000000166,-2.7137,621400.93,1086314.08
621,601138.SH,20180717,17.4219,17.4316,17.0312,17.2754,17.4219,-0.14649999999999963,-0.8409,611768.16,1077433.084
622,601138.SH,20180716,17.207,17.7637,17.1484,17.4219,17.207,0.2149000000000001,1.2489,910022.11,1629162.611
623,601138.SH,20180713,17.2852,17.373,17.0703,17.207,17.5391,-0.3321000000000005,-1.8935,994408.76,1752297.229
624,601138.SH,20180712,16.2598,17.8516,16.2598,17.5391,16.2598,1.2793000000000028,7.8679,1794765.11,3159557.644
625,601138.SH,20180711,16.5527,16.6992,16.1523,16.2598,16.9434,-0.683600000000002,-4.0346,792349.84,1326556.526
626,601138.SH,20180710,17.0996,17.1289,16.7969,16.9434,17.0605,-0.11710000000000065,-0.6864,656168.75,1137038.433
627,601138.SH,20180709,16.8262,17.0898,16.6895,17.0605,16.8262,0.23430000000000106,1.3925,800840.21,1388137.556
628,601138.SH,20180706,16.5137,17.2656,16.4062,16.8262,16.5625,0.26370000000000005,1.5922,1056905.6,1823931.937
629,601138.SH,20180705,16.6016,17.0898,16.3184,16.5625,16.7676,-0.20510000000000161,-1.2232,911992.52,1556919.113
630,601138.SH,20180704,17.2852,17.4512,16.7188,16.7676,17.4805,-0.7128999999999976,-4.0783,807241.1,1406844.068
631,601138.SH,20180703,17.1289,17.5488,16.6992,17.4805,17.1777,0.30279999999999774,1.7628,897424.95,1580629.714
632,601138.SH,20180702,17.7734,17.9199,16.6992,17.1777,18.0078,-0.8300999999999981,-4.6097,1218066.04,2178274.835
633,601138.SH,20180629,17.5293,18.1738,17.1875,18.0078,17.4707,0.5370999999999988,3.0743,1278003.63,2332307.631
634,601138.SH,20180628,17.793,18.2031,17.3438,17.4707,17.8418,-0.37109999999999843,-2.0799,863990.84,1575076.746
635,601138.SH,20180627,18.0664,18.418,17.7539,17.8418,18.0957,-0.25390000000000157,-1.4031,970391.03,1792739.749
636,601138.SH,20180626,17.3242,18.2227,17.1387,18.0957,17.7832,0.3125,1.7573,1137258.44,2080931.355
637,601138.SH,20180625,18.1836,18.3203,17.7051,17.7832,18.2812,-0.49799999999999756,-2.7241,1154430.49,2124064.369
638,601138.SH,20180622,17.2852,18.7305,17.1191,18.2812,17.7441,0.5370999999999988,3.0269,1755750.07,3268487.581
639,601138.SH,20180621,19.1406,19.3164,17.627,17.7441,19.3945,-1.6504000000000012,-8.5096,1978495.35,3736018.335
640,601138.SH,20180620,19.3359,19.7852,18.5645,19.3945,19.8438,-0.4493000000000009,-2.2642,1982719.14,3891767.821
641,601138.SH,20180619,21.3184,21.3281,19.8438,19.8438,22.0508,-2.206999999999997,-10.0087,2099677.13,4356754.053
642,601138.SH,20180615,22.0703,22.5879,21.5039,22.0508,22.7441,-0.6933000000000007,-3.0483,2138700.16,4811430.352
643,601138.SH,20180614,23.9355,24.2773,22.6074,22.7441,25.1172,-2.373100000000001,-9.4481,3477821.05,8310515.596
644,601138.SH,20180613,23.9746,25.7422,23.0078,25.1172,23.4277,1.689499999999999,7.2115,6332171.09,15809621.653
645,601138.SH,20180612,23.4277,23.4277,23.4277,23.4277,21.2988,2.1289000000000016,9.9954,144923.91,347672.46
646,601138.SH,20180611,21.2988,21.2988,21.2988,21.2988,19.3652,1.9335999999999984,9.9849,19322.86,42143.158
647,601138.SH,20180608,16.1328,19.3652,16.1328,19.3652,13.4473,5.917900000000001,44.0081,16726.14,33034.126
