,lable,text
2532,0.15082247146840927,17.5876
2531,0.10032892672727006,17.0572
2530,0.0691538248554649,16.7958
2529,0.04003574620196594,16.0631
2528,-0.002026327366248532,16.0335
2527,-0.0300362590983066,15.7869
2526,-0.05498881901226996,15.6265
2525,-0.08741449073853232,14.5535
2524,-0.10215348898001171,14.5042
2523,-0.10703866206696408,14.8964
2522,-0.11190663677050285,14.8742
2521,-0.11621468777947326,15.0444
2520,-0.12110710798343424,14.9235
2519,-0.1380708436399075,15.3034
2518,-0.14990249244049225,15.2195
2517,-0.18111698902564766,14.6793
2516,-0.20078556120582192,14.0084
2515,-0.21141337827914725,13.9344
2514,-0.22310394741193598,13.4435
2513,-0.1851961321686361,13.3202
2512,-0.13646498114089337,13.3202
2511,-0.1004495546717206,13.1105
2510,-0.07845651828243945,14.8742
2509,-0.0672692536003075,15.1431
2508,-0.06932819822514737,14.9482
2507,-0.104427600020516,14.4524
2506,-0.12866521437498837,13.0982
2505,-0.14184123309176846,13.0735
2504,-0.15090555623530066,12.0967
2503,-0.16481809308868403,12.4593
2502,-0.1501199372635853,12.6665
2501,-0.1444359974438645,12.0893
2500,-0.12974839520878859,11.7785
2499,-0.11771714495483143,11.4208
2498,-0.10628045566951812,12.0868
2497,-0.1022802776133149,12.6196
2496,-0.094430287586458,12.5802
2495,-0.08742393888399189,12.3335
2494,-0.07105651847813026,12.1115
2493,-0.057902522920950474,12.0104
2492,-0.03851784337453994,12.5777
2491,-0.008668623433738835,13.0168
2490,0.015079149447312135,12.8515
2489,0.04192709687483737,13.0562
2488,0.07771131771083181,13.8012
2487,0.11088032765689435,15.3848
2486,0.13560054828834378,16.7736
2485,0.16579965149390105,16.2802
2484,0.17997590923532927,15.9719
2483,0.17755536363539423,17.0202
2482,0.17187577472719098,16.9216
2481,0.15361721499052622,16.4036
2480,0.1370053814498258,15.6167
2479,0.12217316591258688,15.6882
2478,0.11817503708938226,16.0533
2477,0.11320955625709786,15.8954
2476,0.10200908993757733,15.5279
2475,0.09436721525534393,16.1519
2474,0.09150432331330964,15.7622
2473,0.0840796567727834,15.9102
2472,0.07968757681529924,15.7597
2471,0.07860733484318005,16.2506
2470,0.08724599939613527,16.3542
2469,0.0947407047771745,16.4652
2468,0.10074428703372683,16.7711
2467,0.10566450453813689,17.7109
2466,0.09725650170274329,17.5876
2465,0.07661457585475212,17.6616
2464,0.06088675689698733,16.7736
2463,0.04375683380193692,16.5269
2462,0.03293229830180254,16.7366
2461,0.03397826036839795,17.2916
2460,0.03671573891518339,16.7736
2459,0.042505328051221564,16.818
2458,0.05663627045746048,17.4174
2457,0.07639355663127737,17.595
2456,0.08613153967963931,18.3769
2455,0.0801310166441744,18.7716
2454,0.06088252693646755,19.4129
2453,0.03786391935098723,17.8836
2452,0.003994427588632594,16.3024
2451,-0.0014082462253195182,17.1584
2450,0.004164501064513611,17.3853
2449,-0.0037202612501546577,16.5294
2448,-0.011577220294325764,17.2669
2447,-0.019092963769419505,17.1682
2446,-0.05092862144351159,16.7094
2445,-0.09249432167727466,16.4751
2444,-0.13087662298593314,14.5091
2443,-0.1577877422655379,14.8002
2442,-0.15377493667308062,14.2452
2441,-0.15749601982253272,13.4065
2440,-0.14224814842337308,14.1391
2439,-0.13652063788541233,15.1702
2438,-0.12450570111596283,14.2082
2437,-0.13200505964652332,14.8002
2436,-0.1220203139677109,14.3093
2435,-0.11169066215194401,14.2896
2434,-0.11323718176435724,14.5535
2433,-0.10509363925032576,14.6423
2432,-0.09031657229857236,14.9926
2431,-0.08664863379414807,14.0602
2430,-0.0630865000464553,14.5289
2429,-0.030025518419325433,14.7977
2428,0.0015527698823377834,15.2935
2427,0.03001010360680838,16.147
2426,0.0598218119571224,16.2556
2425,0.06856017100561553,16.2802
2424,0.07373729510487331,16.8476
2423,0.07995644984745867,17.3113
2422,0.08780720512020956,16.2753
2421,0.09520638760838888,16.3493
2420,0.11288232696202409,17.7257
2419,0.13228502023715566,17.7627
2418,0.14624762891028906,17.9329
2417,0.15867105423072275,18.8579
2416,0.17814312637573634,18.8456
2415,0.19889906413901254,19.7879
2414,0.2281611342672344,22.3102
2413,0.22635417372259503,22.8542
2412,0.2078508645302026,21.7612
2411,0.17922914691484643,19.234
2410,0.14818905757292167,20.2775
2409,0.13648303958755412,20.327
2408,0.1166118497482896,20.7721
2407,0.08516111515818957,20.4259
2406,0.04686608341434016,19.7236
2405,0.0005441696676753036,19.5851
2404,-0.0554589161119708,17.0727
2403,-0.12510675787018366,17.7057
2402,-0.15575851620972675,16.5682
2401,-0.18987695749440744,15.2774
2400,-0.2173973368536619,14.1201
2399,-0.18839248536507708,15.0795
2398,-0.15480952661907296,15.312
2397,-0.12797139366535185,14.6938
2396,-0.11390035220926727,16.8155
2395,-0.10796070007245488,16.6572
2394,-0.11189945971935757,17.1716
2393,-0.12041415488240743,16.4693
2392,-0.12490806570237784,15.3318
2391,-0.12975068561455955,15.5791
2390,-0.11735983854192408,16.0538
2389,-0.08989449351872163,16.3209
2388,-0.07255651773932896,15.8263
2387,-0.05783883044823808,16.7166
2386,-0.031303684350469346,16.7561
2385,-0.008302948890167517,17.1023
2384,-0.006390850792291445,16.7908
2383,0.0013345679299933753,17.32
2382,0.010389095356731699,17.1963
2381,0.013721883922132867,16.7908
2380,0.01967322168407569,17.3101
2379,0.03338075183629568,16.8155
2378,0.0446346371945119,16.7809
2377,0.04828336324673167,17.2062
2376,0.050847417812804774,17.5574
2375,0.04633791993852531,17.9827
2374,0.03329389512182723,16.9045
2373,0.01976365423946672,16.8155
2372,0.01631762601415777,16.6523
2371,0.01207381920550558,17.2161
2370,0.00632717835624978,17.6563
2369,-0.0006827067242044854,17.043
2368,-0.005147121023443404,16.949
2367,-0.012654026979688178,16.3852
2366,-0.025406654324341738,16.5731
2365,-0.033136403749876045,16.8649
2364,-0.03761115535204709,16.2616
2363,-0.052012156979205366,15.8214
2362,-0.06447901199034488,15.9253
2361,-0.0691940933223757,15.95
2360,-0.06634441825737332,15.8362
2359,-0.07147794275876908,15.223
2358,-0.07105985792651469,15.3268
2357,-0.06695588642180264,15.8659
2356,-0.058134043055635444,15.49
2355,-0.052883440197055674,15.5791
2354,-0.04623767634088367,15.4703
2353,-0.04473598754400606,15.6681
2352,-0.04971825640127328,15.9747
2351,-0.06226246119401304,15.9203
2350,-0.0770825540639765,15.49
2349,-0.09995287181373812,14.7531
2348,-0.12618983023598182,14.4415
2347,-0.1286521534393455,14.4811
2346,-0.14159442755520807,13.8975
2345,-0.16089780963264155,13.2546
2344,-0.16145385717208946,13.8481
2343,-0.14547027053933678,13.2892
2342,-0.12092348284960451,12.8589
2341,-0.10461764851537717,13.1062
2340,-0.07557749159540943,13.4376
2339,-0.05025968186677337,14.4415
2338,-0.03574885415777075,14.0953
2337,-0.04858711248534864,14.4415
2336,-0.035910772473942455,14.402
2335,-0.025224716238282693,13.6057
2334,-0.02387607749660523,13.1556
2333,-0.009812114169023948,14.8718
2332,0.023733849236508835,15.0845
2331,0.050437396853973554,14.4663
2330,0.0724636831782195,15.0004
2329,0.10019390641278939,15.9302
2328,0.12379083920563663,17.3892
2327,0.13914652969353264,16.8254
2326,0.14378802860125697,17.2557
2325,0.13835982313700101,17.4832
2324,0.12492326962638452,18.0025
2323,0.10563108177972504,16.5731
2322,0.07793112567620052,15.7274
2321,0.07635215453194599,16.0835
2320,0.08617978797155237,15.9599
2319,0.09042776461507501,16.8897
2318,0.08706444110119628,17.4881
2317,0.07015115587988377,16.9688
2316,0.0474025366364919,16.7166
2315,0.027243783701725435,15.6928
2314,0.013826218604087033,16.5583
2313,0.022807320819349566,15.678
2312,0.0263281946992981,16.1132
2311,0.029378188098300173,16.3061
2310,0.03800169647003707,16.5435
2309,0.04389110303370268,16.9441
2308,0.041966824506191484,16.766
2307,0.03341083628629338,17.3941
2306,0.02678896639318201,17.0133
2305,0.009346631024223274,16.9144
2304,-0.0047895521532203686,16.8649
2303,-0.02328320057944347,16.1231
2302,-0.03913054539672537,16.222
2301,-0.039336574946130486,16.2715
2300,-0.04099284502471154,16.0242
2299,-0.046402439543779275,15.7076
2298,-0.0437834607118796,15.9747
2297,-0.0285855462592465,15.9747
2296,-0.01697910812702798,15.3318
2295,-0.005738297398810144,16.2715
2294,0.00885205985922297,16.3209
2293,0.025751959976815172,16.8204
2292,0.03710873286700522,16.8649
2291,0.042191127297509484,17.0578
2290,0.04754550416388462,17.7057
2289,0.04726189913131151,17.7206
2288,0.03493472353794131,17.2507
2287,0.014211283585494307,17.3892
2286,-0.0148219504665599,16.7166
2285,-0.041564253345430346,16.494
2284,-0.06624732471439537,15.6285
2283,-0.06995844469859333,14.8421
2282,-0.06633430307772971,15.2823
2281,-0.0538514561433748,14.9361
2280,-0.05075431034482845,15.8263
2279,-0.0417907265635036,15.9203
2278,-0.05258691393673287,15.5939
2277,-0.06890800831090696,15.1438
2276,-0.06021926571971352,15.2724
2275,-0.03640696890717415,14.7927
2274,-0.022243046419940727,15.7769
2273,-0.013081501978829027,16.3209
2272,1.0902295804650648e-05,16.4792
2271,0.0025486502666917216,16.5682
2270,-0.004142631465569525,15.0795
2269,-0.005892079182187223,15.2081
2268,-0.009164776278580472,15.9797
2267,-0.014667780837181243,16.4742
2266,-0.024870305950114847,16.3358
2265,-0.03687265469578218,15.1834
2264,-0.04578554431191321,14.4415
2263,-0.034247735535801335,14.7383
2262,-0.015000347522795181,15.3318
2261,0.0027276421247282717,15.4307
2260,0.019211641920804514,15.8758
2259,0.03331441454224326,15.4307
2258,0.047774141572998335,16.405
2257,0.05966186853634329,16.8155
2256,0.06806282823045914,16.8649
2255,0.07012682504692287,17.1122
2254,0.06409832042365579,16.8501
2253,0.05972964816681125,17.4485
2252,0.061889614408077935,17.0974
2251,0.06612908689892207,16.4396
2250,0.07639488141979772,17.77
2249,0.09460144159423281,17.2062
2248,0.10014337342046944,18.5811
2247,0.10595451111376115,18.408
2246,0.09834561550121676,18.9916
2245,0.091143091543036,18.4476
2244,0.07464131423374196,18.5811
2243,0.05965308857941189,18.2992
2242,0.04704434466442205,17.6019
2241,0.036925484571584,17.6315
2240,0.036320510853941196,17.4931
2239,0.03267626698654869,17.77
2238,0.025784790808833478,17.7947
2237,0.010081478343703874,17.315
2236,-0.0032683331968608696,17.226
2235,-0.014553248429516582,17.3694
2234,-0.01880284242082523,16.7314
2233,-0.025118362875142238,16.7561
2232,-0.025241017169154993,16.9292
2231,-0.02881813870473284,17.2656
2230,-0.028615073486740507,17.2062
2229,-0.031709365895307776,17.1073
2228,-0.03847468706480484,16.9886
2227,-0.05175098833376618,16.9688
2226,-0.06541166938518864,16.9589
2225,-0.0795141781702758,16.4198
2224,-0.0921303076991365,15.8263
2223,-0.10272837190992602,15.6285
2222,-0.09994717211028308,15.5889
2221,-0.08654647849914246,15.762
2220,-0.09432053078399742,15.4109
2219,-0.08990091430261632,15.6285
2218,-0.08812395243212677,15.6285
2217,-0.0882880253317946,15.4554
2216,-0.0969373334048911,15.3318
2215,-0.0835965226451343,14.9312
2214,-0.07962589620397888,14.9856
2213,-0.07204322908138232,14.9905
2212,-0.07204135627992336,15.3911
2211,-0.06311843645141436,15.2873
2210,-0.06674374477172411,15.2329
2209,-0.083463139600192,14.9361
2208,-0.09232690756746345,15.0598
2207,-0.09334509153762045,14.7037
2206,-0.10596974471040657,13.8431
2205,-0.10759746989243492,14.0953
2204,-0.09836772530384175,14.2833
2203,-0.08734365316355872,13.7491
2202,-0.0800244572665493,13.9222
2201,-0.06542537615216228,14.0953
2200,-0.05796819191554374,14.1943
2199,-0.06481099865406438,14.3674
2198,-0.09827657865619772,14.1398
2197,-0.1287621372941325,14.2437
2196,-0.151368803777372,12.6759
2195,-0.18014545271949736,11.5236
2194,-0.19559303668025407,11.8796
2193,-0.17612355305709188,12.1962
2192,-0.18140898196075675,11.9687
2191,-0.1933079868609694,11.7461
2190,-0.20990732940185344,12.1922
2189,-0.21050637590094273,11.3482
2188,-0.2180854538073917,10.961
2187,-0.195721904960884,10.6235
2186,-0.1887338496648635,10.8518
2185,-0.16626330872671147,11.2688
2184,-0.1455787569537579,11.1596
2183,-0.13192792792792804,11.0901
2182,-0.12174253047929,11.3185
2181,-0.1116560330716754,11.1795
2180,-0.0997087522614706,11.0901
2179,-0.09215308027380216,11.1397
2178,-0.08554951794556505,11.0802
2177,-0.09186628440655376,11.2787
2176,-0.09936178042922438,11.2688
2175,-0.11055133142424531,10.971
2174,-0.11678378325623127,10.5242
2173,-0.11953796602347186,10.2263
2172,-0.1057552478502778,10.1568
2171,-0.07985433202566648,10.3256
2170,-0.053039248483314,10.266
2169,-0.03201811885753548,10.554
2168,-0.014710023284778311,11.0107
2167,0.0005435439418727377,11.0603
2166,0.008356298337630116,11.0206
2165,0.019624306369007482,11.0802
2164,0.03224528998059385,11.3085
2163,0.04511922165935704,11.5369
2162,0.049928674557134005,11.5369
2161,0.05621827805003296,11.8149
2160,0.051460144136274345,11.7156
2159,0.04841298319105676,11.6163
2158,0.05981569965870305,11.7454
2157,0.08647201502146937,11.4475
2156,0.11396162371848152,12.1127
2155,0.14697463360593677,13.4829
2154,0.1669528938748339,14.2473
2153,0.1703706523338968,14.3963
2152,0.14916330426810537,13.8403
2151,0.12224967575643148,13.6715
2150,0.09419368114388141,13.2049
2149,0.06967055097733868,13.2446
2148,0.05781819339029731,12.073
2147,0.039714720189718625,12.2914
2146,0.03940542100566913,12.5099
2145,0.04192561728158702,12.6092
2144,0.04185849720678788,12.4602
2143,0.04358645668009627,12.4602
2142,0.043707204268568015,12.8474
2141,0.0265043948613933,13.3538
2140,-0.00497908295422996,12.4602
2139,-0.03583374119519241,12.1922
2138,-0.05551051326019273,10.9213
2137,-0.05587127225008997,11.7652
2136,-0.0368337818428816,11.2887
2135,-0.019626002300056813,12.2418
2134,-0.007724282368364344,12.6092
2133,-0.0053206221721613465,12.8474
2132,-0.009993333493972084,12.5397
2131,-0.013213468981647943,12.5595
2130,-0.006209346542579822,11.9142
2129,-0.0014765627404513418,12.4106
2128,0.011650478023152737,13.2049
2127,0.024304393345407575,13.1056
2126,0.034056529861989766,12.9864
2125,0.030085296981499497,13.1155
2124,0.028148019210532428,13.0162
2123,0.024023920778050517,13.3736
2122,0.016227205023952418,12.8077
2121,-0.00719506533505427,12.768
2120,-0.02682115680605277,12.7581
2119,-0.033168778817747345,12.1723
2118,-0.04967561768862693,11.6163
2117,-0.06396544238951127,11.5865
2116,-0.0681801136696548,12.1723
2115,-0.05257959585460888,11.7255
2114,-0.05342164287262093,11.2986
2113,-0.05148966932112693,12.212
2112,-0.05444671827268164,11.9241
2111,-0.05188970472818622,11.9142
2110,-0.0574079412180305,11.6163
2109,-0.06836568363030754,11.1199
2108,-0.07239740248266117,11.3979
2107,-0.07012895627413301,11.6759
2106,-0.06860557721743117,11.1199
2105,-0.07614724622110844,11.3979
2104,-0.08633055482546767,11.3681
2103,-0.09381907157786781,11.4277
2102,-0.09733813847545991,11.0504
2101,-0.09856171273752941,10.7227
2100,-0.08641657874282258,10.7823
2099,-0.06736412178751787,10.9412
2098,-0.05020425771689258,10.8121
2097,-0.03465440757061335,11.2787
2096,-0.023998746266678386,11.4872
2095,-0.02242266023498621,11.3681
2094,-0.02675183752772444,11.239
2093,-0.03429884452135206,11.1
2092,-0.03910582222761165,11.1199
2091,-0.03685432139166998,10.9015
2090,-0.03506832155998494,10.6334
2089,-0.02174396676834403,10.7227
2088,-0.005422600525272122,10.9511
2087,0.022978631737674282,11.0206
2086,0.04763038954704087,11.4972
2085,0.0754609680710133,11.4177
2084,0.09585412331391537,12.4304
2083,0.1154453524722805,12.49
2082,0.11827679439946566,13.2049
2081,0.11638293490982234,13.0063
2080,0.11124300966567668,13.2049
2079,0.11295912080173867,12.9566
2078,0.10691125253657208,12.9368
2077,0.10308526444228787,13.2049
2076,0.10553863474161225,13.2744
2075,0.09405982601912477,13.0758
2074,0.07908728587642003,13.2644
2073,0.06711378426973254,13.2843
2072,0.04603790511886765,12.5992
2071,0.021270040779842455,13.0162
2070,0.006659704911403903,12.2617
2069,-0.0073320195827457505,12.0134
2068,-0.02302371766419885,11.9539
2067,-0.022855420733821154,11.7156
2066,-0.018306563074488903,11.8744
2065,-0.025255954120189994,11.9042
2064,-0.027127839945746114,12.4106
2063,-0.03298953636358577,12.3113
2062,-0.05031903673756563,12.1624
2061,-0.06709683586655385,11.8447
2060,-0.06098169023479375,11.5468
2059,-0.060677917111350184,10.9312
2058,-0.05610049717893062,11.3284
2057,-0.043103448275863994,11.8546
2056,-0.03591220594837932,11.7652
2055,-0.03433744925337705,11.9737
2054,-0.04355583877648777,11.7752
2053,-0.03450840852989214,11.6858
2052,-0.022380235964844845,11.388
2051,-0.013877783658350176,11.3681
2050,-0.007568851850005653,12.1028
2049,0.013952911623290851,12.5198
2048,0.02514823367868962,12.4602
2047,0.027196339939718782,11.7156
2046,0.02306652228963398,12.3907
2045,0.015176333730910084,12.6687
2044,0.004009210694637634,11.7553
2043,-0.016722331025159142,11.4674
2042,-0.057825521086270724,11.4177
2041,-0.07785181167841992,11.8844
2040,-0.08482797571422086,11.3185
2039,-0.09552385244871453,10.2065
2038,-0.10285604982478914,10.1767
2037,-0.09524740875119522,10.6235
2036,-0.1008988703748449,10.8816
2035,-0.12287654921192168,10.8518
2034,-0.12686052160487946,10.5837
2033,-0.15640584845896408,9.9384
2032,-0.17298409919459182,9.432
2031,-0.1620724363066498,10.0278
2030,-0.14664586056534804,9.5015
2029,-0.13609065830472425,9.571
2028,-0.1102167809904228,9.9185
2027,-0.0828169626813472,9.8193
2026,-0.06387188825892981,9.9781
2025,-0.04735045164550839,10.544
2024,-0.04185281604768814,10.6235
2023,-0.03254826389218767,10.6433
2022,-0.026491527567023037,10.4249
2021,-0.021299784841170115,10.3157
2020,-0.01311871077940171,10.5242
2019,-0.001126890091999244,10.554
2018,0.0087720608368781,10.5142
2017,0.018814167663668654,10.7724
2016,0.02230378352669976,10.554
2015,0.02160707275325187,10.693
2014,0.02709703090950104,10.7625
2013,0.03284989870315538,10.8617
2012,0.033815744535516806,10.6036
2011,0.040938402196031655,10.7227
2010,0.0488957957957933,10.9908
2009,0.05754667699693943,10.9114
2008,0.05907226790760673,11.2192
2007,0.05916042078773437,11.0206
2006,0.05362309814040156,11.2291
2005,0.0504150557028837,10.9908
2004,0.039553671165747685,11.11
2003,0.02926510179247818,11.3085
2002,0.020123649326052834,11.1298
2001,0.009677885487473349,10.6532
2000,-0.0003656397307979135,10.5937
1999,-0.0010607102998084273,10.7724
1998,-0.00018395155422143994,10.7823
1997,-0.011469339389752736,10.8419
1996,-0.02109348644090033,10.9114
1995,-0.026337785478330426,10.5738
1994,-0.04116986187402206,10.127
1993,-0.0499677050239204,10.3653
1992,-0.04773878893289153,10.5142
1991,-0.051785422849284904,10.1667
1990,-0.06119473710742775,10.1568
1989,-0.06863996546727309,10.127
1988,-0.08584668196328331,10.0377
1987,-0.09606184880616146,9.9285
1986,-0.11166448421359133,9.7299
1985,-0.11762207840448238,9.2831
1984,-0.12270864976857813,9.3526
1983,-0.12371817525879689,9.2235
1982,-0.12566685133887576,9.2732
1981,-0.12172845276915481,9.2831
1980,-0.11538723984988294,8.9555
1979,-0.10876385632832833,8.9158
1978,-0.09920865159302088,8.9753
1977,-0.08737603521626741,9.2335
1976,-0.07111293485675542,9.1838
1975,-0.056642526001001475,9.2037
1974,-0.04759831956506601,9.2633
1973,-0.061330619224677384,9.3427
1972,-0.07817771182042546,9.5313
1971,-0.09360939893610858,9.432
1970,-0.11912749751990467,8.2803
1969,-0.13814442230670138,8.2208
1968,-0.13393514524888808,8.33
1967,-0.12958900066409507,8.1811
1966,-0.1229357910305487,8.3002
1965,-0.10661971943440024,8.2406
1964,-0.09528571542632046,8.052
1963,-0.0922592296168638,8.0421
1962,-0.08284811057197779,8.3201
1961,-0.07608765881925077,8.3201
1960,-0.06417357773380157,8.0917
1959,-0.03872754073543201,8.1612
1958,-0.02204858366643655,8.9654
1957,-0.004837759448929165,8.2406
1956,0.006324601927628698,9.025
1955,0.005329378770450564,8.8363
1954,-0.011241895739135723,8.6874
1953,-0.023279915438544397,8.6378
1952,-0.033572338298836275,8.3498
1951,-0.04066777483634333,8.3399
1950,-0.04202802919950741,8.2406
1949,-0.0414243398402045,8.33
1948,-0.03872142877540331,8.1016
1947,-0.034054724265227466,8.0321
1946,-0.022828025780677753,8.2009
1945,-0.016955887156464053,8.1215
1944,-0.016232680263238822,8.2406
1943,-0.01450151550383245,8.191
1942,-0.019230737464592716,8.0917
1941,-0.02837267618893298,8.0023
1940,-0.026922254040358095,8.2406
1939,-0.02458147044213031,8.1513
1938,-0.021465808404691564,8.0023
1937,-0.01571641546461791,8.0718
1936,-0.009725043528732585,8.3399
1935,-0.004910156045824287,8.2406
1934,-0.0021578899902472337,8.3796
1933,-0.0052308484046499,8.2903
1932,-0.01244340417408827,8.2605
1931,-0.02231996770149758,8.1513
1930,-0.033249076832475334,8.1612
1929,-0.0385888660437796,8.0123
1928,-0.049540296821787386,7.7541
1927,-0.05509125335297292,7.7442
1926,-0.0558595042761876,7.6946
1925,-0.05409753188842023,7.4761
1924,-0.0539421308791878,7.6151
1923,-0.06301778174581422,7.6151
1922,-0.0678069605824932,7.6747
1921,-0.08600260698499218,7.5754
1920,-0.10027819387973864,7.2081
1919,-0.10865207156309259,7.218
1918,-0.10296554934823499,6.9896
1917,-0.10370207743154332,7.06
1916,-0.1076383084577158,7.08
1915,-0.10805135802469552,7.05
1914,-0.1117916049382758,7.05
1913,-0.1123746355685172,6.73
1912,-0.11313304093567671,6.7
1911,-0.0991011990407715,6.77
1910,-0.08818924111431742,6.81
1909,-0.08021865889213255,6.8
1908,-0.07722814814815256,6.83
1907,-0.07310912698413119,6.93
1906,-0.0795930470347693,6.86
1905,-0.09591035963500227,6.77
1904,-0.10262804232804719,6.69
1903,-0.11238133764833287,6.55
1902,-0.11307740916272208,6.2
1901,-0.10426245505906996,6.3
1900,-0.08038591269841738,6.15
1899,-0.06586947791165142,6.29
1898,-0.04085450121654958,6.49
1897,-0.025646825396830185,6.7
1896,-0.019997951868924557,6.7
1895,-0.020282642089098604,6.77
1894,-0.021905729166671745,6.7
1893,-0.034162717219594525,6.53
1892,-0.03878296988577868,6.46
1891,-0.031827067669177825,6.46
1890,-0.02756702073849765,6.31
1889,-0.025143453312472412,6.41
1888,-0.021011058451821798,6.54
1887,-0.027049180327874102,6.52
1886,-0.048141891891897166,6.35
1885,-0.06415410385260152,6.31
1884,-0.07226844148641666,6.1
1883,-0.0857632933104683,5.88
1882,-0.0905747126436835,5.95
1881,-0.08506530380466175,6.0
1880,-0.07822445561139559,5.84
1879,-0.07338888888889405,5.79
1878,-0.0612761276127664,5.86
1877,-0.03953732912723938,5.9
1876,-0.019363122752958175,6.05
1875,-0.007732497387674519,6.3
1874,0.004776739356173932,6.3
1873,0.011605723370424516,6.42
1872,0.008721241305506371,6.39
1871,-0.007753254103004236,6.42
1870,-0.020648464163827297,6.29
1869,-0.03293985385048256,6.22
1868,-0.021216768916159826,5.86
1867,-0.007557557557561859,5.86
1866,0.013434343434338995,5.98
1865,0.026483279395895898,6.4
1864,0.02742398164084395,6.52
1863,0.013606557377044406,6.52
1862,-0.0024509803921616,6.11
1861,-0.01796572692095567,5.88
1860,-0.0029663147310249084,6.01
1859,0.028087744396753097,6.14
1858,0.04820213799805196,6.06
1857,0.06652152878567531,6.85
1856,0.0836601307189496,6.85
1855,0.08274682306939934,6.83
1854,0.07870370370369972,6.76
1853,0.08085205992508965,6.61
1852,0.08161080074487487,6.77
1851,0.09051603905159994,7.0
1850,0.09429640018699931,7.04
1849,0.08439613526569639,7.03
1848,0.07018602312719535,7.13
1847,0.05308270676691312,7.0
1846,0.03485772357723153,6.86
1845,0.01702127659574051,6.59
1844,0.002236089443573409,6.63
1843,0.0024341778440096044,6.52
1842,0.0013452914798161649,6.6
1841,0.0029585798816525372,6.35
1840,0.0006535947712376722,6.72
1839,0.0002568053415467651,6.65
1838,-0.018646864686473117,6.71
1837,-0.03480874316940359,6.61
1836,-0.04946409431940427,6.41
1835,-0.07009397457159101,6.04
1834,-0.08002154011847488,6.1
1833,-0.061212121212125103,6.22
1832,-0.04527363184079992,6.04
1831,-0.02845410628019686,6.15
1830,-0.009915296462385682,6.59
1829,0.014272166903741942,6.53
1828,0.026099290780137962,6.8
1827,0.042825311942955295,6.65
1826,0.0470280551592924,6.95
1825,0.05215053763440475,7.2
1824,0.05040650406503676,7.25
1823,0.04516765285995663,6.9
1822,0.024999999999995925,6.79
1821,0.026129943502820916,6.83
1820,0.037540009144943584,6.67
1819,0.046351351351347624,6.73
1818,0.06018018018017643,6.98
1817,0.08267162944581967,7.18
1816,0.10307385229540603,7.3
1815,0.11917922948073371,7.32
1814,0.12725392886682893,8.02
1813,0.13728237791931763,8.15
1812,0.12906602254428037,7.98
1811,0.12114608555286209,7.96
1810,0.1210028771064498,7.93
1809,0.11474519632414057,8.28
1808,0.11294536817101827,8.2
1807,0.10563665855636331,8.03
1806,0.09612403100774886,7.98
1805,0.09188235294117372,8.38
1804,0.09539422326307281,8.29
1803,0.08843373493975604,8.18
1802,0.08313057583130265,8.41
1801,0.07624424926808546,8.55
1800,0.05840597758405661,8.25
1799,0.04634730538921853,8.13
1798,0.039926739926736884,8.0
1797,0.03849539815926064,7.98
1796,0.0400324807145725,8.3
1795,0.03558052434456609,8.17
1794,0.02779116465863137,8.28
1793,0.029702587871762144,8.26
1792,0.03085147002672497,7.96
1791,0.03214990138066765,8.38
1790,0.04585185185184907,8.58
1789,0.058252076561933,8.67
1788,0.06318681318681038,8.58
1787,0.06013380558834819,8.9
1786,0.05457556935817458,9.24
1785,0.030091438071484414,8.75
1784,0.005508644953755997,8.41
1783,-0.014491017964075313,8.02
1782,-0.013967136150238051,8.1
1781,-0.00375146541618153,8.27
1780,0.004087301587298123,8.3
1779,-0.0024076380240799864,8.52
1778,-0.007889301941350029,8.81
1777,-0.01750924784217338,8.21
1776,-0.02714227142271746,7.97
1775,-0.029136400322844352,8.08
1774,-0.01688209949079824,8.11
1773,-0.011767068273095621,8.13
1772,0.0003068661296478398,8.34
1771,0.010613026819920008,8.51
1770,0.014487632508830705,8.23
1769,0.017848970251713264,8.6
1768,0.02133018496654552,8.65
1767,0.010419210419207103,8.4
1766,0.0014752791068549703,8.68
1765,0.00015649452268856118,8.45
1764,-0.0005688282138823266,8.19
1763,0.0075535512965018885,8.4
1762,0.021541950113375608,8.48
1761,0.02594763579522945,8.75
1760,0.02687155240346423,8.89
1759,0.022953388170776426,8.85
1758,0.0008235804074519566,8.49
1757,-0.03216531895777543,8.49
1756,-0.0583445190156633,8.35
1755,-0.08630385487528669,7.69
1754,-0.1182572614107915,7.42
1753,-0.12867783985102751,7.42
1752,-0.1203879115922448,7.39
1751,-0.11122900088417624,7.25
1750,-0.11085271317829762,7.21
1749,-0.11030640668523985,7.47
1748,-0.10336095764272875,7.42
1747,-0.1061366806136713,7.28
1746,-0.1275895925380493,7.2
1745,-0.13658296405711806,7.23
1744,-0.13261287223823584,7.13
1743,-0.1338601532567083,6.87
1742,-0.14134520276953866,6.82
1741,-0.13447590660705766,6.94
1740,-0.12395679921453447,6.9
1739,-0.11713030746706045,6.63
1738,-0.11293313811615778,6.7
1737,-0.11014492753623534,6.76
1736,-0.10783715012723012,6.81
1735,-0.10226586102719402,6.83
1734,-0.09649122807017917,6.62
1733,-0.09000499750125285,6.5
1732,-0.0752704031465129,6.62
1731,-0.056265118529272885,6.61
1730,-0.050278199291859976,6.69
1729,-0.03957085828343682,6.73
1728,-0.0382188295165433,6.9
1727,-0.05288099084545401,6.56
1726,-0.0679549114331767,6.67
1725,-0.06729264475743776,6.55
1724,-0.0661577608142536,6.17
1723,-0.06553497942387261,6.22
1722,-0.0419243986254337,6.49
1721,-0.022551928783387024,6.5
1720,-0.00830875122910947,6.53
1719,0.0019005847953174678,6.77
1718,0.009789156626501668,6.74
1717,0.01324599708878761,6.81
1716,0.018582375478922858,6.78
1715,0.022222222222217727,6.67
1714,0.028067700987301658,6.88
1713,0.041910060268887606,6.88
1712,0.04621212121211688,6.93
1711,0.04502164502164071,7.11
1710,0.04625946969696542,7.15
1709,0.04838121295029223,7.01
1708,0.04785020804437846,6.95
1707,0.0508723599632648,7.03
1706,0.05700549450549036,7.31
1705,0.0586480186480143,7.24
1704,0.052161785216174386,7.23
1703,0.04772620721987372,7.28
1702,0.04781054512957579,7.14
1701,0.0462142197599216,7.17
1700,0.04405594405593951,7.03
1699,0.031064044377201352,7.39
1698,0.01743896362729946,7.2
1697,-0.0120795107033689,7.02
1696,-0.03302984319676783,6.65
1695,-0.05169964485033483,6.7
1694,-0.047477744807126444,6.55
1693,-0.04887892376682105,6.6
1692,-0.06733111849391492,6.52
1691,-0.08648648648649211,6.68
1690,-0.09911406423034906,6.6
1689,-0.12778730703259586,5.95
1688,-0.1467452300785693,5.95
1687,-0.11919504643963391,6.04
1686,-0.10666666666667213,5.84
1685,-0.09403063919704714,5.94
1684,-0.07507936507937056,6.3
1683,-0.06369529983793103,6.29
1682,-0.07873660462493526,6.23
1681,-0.08704018109791185,6.33
1680,-0.08787878787879354,6.11
1679,-0.08061767838126196,5.88
1678,-0.07696476964770214,5.89
1677,-0.06129032258065073,6.05
1676,-0.04145569620253706,6.27
1675,-0.034912854030506604,6.1
1674,-0.03344208809135951,6.19
1673,-0.03811965811966387,6.32
1672,-0.036060100166950576,6.07
1671,-0.036170212765963126,6.14
1670,-0.027643585614605573,5.85
1669,-0.03153759820427052,5.96
1668,-0.025267907501415672,6.11
1667,-0.02838226827864703,6.2
1666,-0.03729603729604297,5.92
1665,-0.048722415795592375,5.9
1664,-0.04329954954955521,5.78
1663,-0.030307941653165825,5.73
1662,-0.014973544973550162,5.79
1661,0.0042641705668176304,5.92
1660,0.020402755696868204,6.1
1659,0.029729729729724548,6.46
1658,0.03039058319956662,6.32
1657,0.030683624801266716,6.26
1656,0.029963711767750218,6.3
1655,0.031381856540079314,6.24
1654,0.03136942675158728,6.3
1653,0.030204962243792002,6.39
1652,0.03005208333332829,6.31
1651,0.026238914971304296,6.29
1650,0.02817337461299807,6.16
1649,0.029963138493938987,6.35
1648,0.031621187800957816,6.42
1647,0.028225381779878794,6.44
1646,0.027812499999994578,6.33
1645,0.024479166666661195,6.24
1644,0.023696682464449278,6.33
1643,0.024328593996834676,6.34
1642,0.026952526799382023,6.4
1641,0.028790199081158648,6.35
1640,0.03632793323514481,6.28
1639,0.04588235294117142,6.47
1638,0.05435212660731435,6.56
1637,0.0552238805970099,6.71
1636,0.056897398134506644,6.79
1635,0.04985029940119258,6.72
1634,0.041904761904756886,6.68
1633,0.03659638554216351,6.71
1632,0.03622549019607346,6.63
1631,0.026791277258561813,6.66
1630,0.01778471138845039,6.67
1629,0.01184615384614892,6.78
1628,0.012782694198618457,6.45
1627,0.0088526211671561,6.42
1626,0.017699115044242826,6.5
1625,0.02252525252524722,6.72
1624,0.025012531328315574,6.72
1623,0.021368783850314668,6.8
1622,0.02192982456139811,6.66
1621,0.024198947871826318,6.69
1620,0.04463276836157706,6.77
1619,0.06696619597774467,6.82
1618,0.08293118856121029,6.93
1617,0.09241379310344325,7.67
1616,0.1026733500417668,7.5
1615,0.09982222222221762,7.41
1614,0.08824814329401048,7.6
1613,0.08935538592026705,7.98
1612,0.09396433470507076,7.5
1611,0.07063711911356883,7.54
1610,0.05910798122065258,7.8
1609,0.03843537414965518,7.23
1608,-0.0018662519440173471,7.31
1607,-0.02601751674395145,7.1
1606,-0.05229067930490257,6.74
1605,-0.07554146856841513,6.38
1604,-0.08715548621945386,6.38
1603,-0.07205882352941663,6.35
1602,-0.07073170731707812,6.36
1601,-0.06478371501272778,6.4
1600,-0.05445445445445939,6.73
1599,-0.05068493150685448,6.52
1598,-0.05327336331834575,6.47
1597,-0.0605249343832074,6.58
1596,-0.061689994815972184,6.5
1595,-0.0668730650154853,6.57
1594,-0.05457184325109348,6.31
1593,-0.04845410628019826,6.35
1592,-0.033672974284333204,6.5
1591,-0.02010658914729203,6.9
1590,-0.005824767498781603,6.86
1589,-0.00514342235411021,6.84
1588,-0.005309734513279384,6.9
1587,-0.0031492248062066903,6.75
1586,0.0031310211945998517,6.77
1585,0.011789772727267833,6.79
1584,0.007255520504726439,6.89
1583,0.0003174603174546433,7.02
1582,-0.01116352201258416,6.7
1581,-0.02639109697933784,6.21
1580,-0.04261867501304673,6.34
1579,-0.036692506459953644,6.38
1578,-0.03153013910356005,6.27
1577,-0.0287338501292042,6.41
1576,-0.0226318484383052,6.49
1575,-0.0030260707635054976,6.44
1574,0.011362564827906907,6.43
1573,0.02066074950689878,7.0
1572,0.03124999999999559,7.88
1571,0.03302564102563643,7.03
1570,0.01699248120300304,6.78
1569,-0.0005667181865064768,6.82
1568,0.0074906367041155325,6.46
1567,0.010407876230656646,6.6
1566,0.02537243947858051,6.48
1565,0.03779926335174556,6.9
1564,0.05530516431924474,7.1
1563,0.051532567049804155,7.16
1562,0.049976689976685834,7.2
1561,0.051967435549521004,7.08
1560,0.047293447293442974,6.96
1559,0.05093833780160452,7.07
1558,0.06130473637175637,7.29
1557,0.06356911696717099,7.0
1556,0.05942622950819266,7.38
1555,0.07129870129869742,7.51
1554,0.07176826632079163,7.17
1553,0.07078947368420659,7.25
1552,0.07315315315314917,7.63
1551,0.07083333333332929,7.67
1550,0.05555555555555141,7.63
1549,0.03915635029802424,7.36
1548,0.027747502270658708,7.59
1547,0.022463768115937623,7.14
1546,0.015205479452050261,7.21
1545,0.013098591549291017,7.3
1544,0.0054441260744937684,7.35
1543,-0.003966005665727227,7.28
1542,-0.025276938569995196,7.08
1541,-0.040175953079183965,6.99
1540,-0.04306742640076467,6.66
1539,-0.04364066193853924,6.68
1538,-0.040363128491624906,6.82
1537,-0.02365145228216238,7.0
1536,-0.010670314637487558,7.03
1535,0.001023587004890975,7.15
1534,0.009991039426518675,7.3
1533,0.02028608582574341,7.29
1532,0.024932614555251583,7.55
1531,0.02804659498207445,7.43
1530,0.028894691035678977,7.65
1529,0.02508113120073734,7.42
1528,0.01134453781512163,7.48
1527,-0.0015918958031883078,7.62
1526,-0.014954172696579535,7.11
1525,-0.025884543761643078,7.11
1524,-0.02523408239700814,6.8
1523,-0.021435185185189425,6.91
1522,-0.008559782608699718,7.1
1521,0.0015632183908002603,7.2
1520,-0.004941860465120899,7.2
1519,-0.008249400479620894,7.36
1518,-0.018092428711902295,7.25
1517,-0.03176470588235767,6.85
1516,-0.04071914480078216,6.93
1515,-0.03658070678128434,6.78
1514,-0.035142857142861646,6.77
1513,-0.02913085004775979,6.94
1512,-0.029343065693435012,6.97
1511,-0.02667624521073237,6.95
1510,-0.028082851637769347,6.99
1509,-0.02920268972142617,6.79
1508,-0.026789947842583862,6.9
1507,-0.027058823529416492,6.89
1506,-0.04151041666667188,6.92
1505,-0.054153522607786525,7.06
1504,-0.06330749354005676,6.74
1503,-0.07830188679245803,6.36
1502,-0.08500000000000535,6.35
1501,-0.0776744186046563,6.45
1500,-0.06764705882353454,6.36
1499,-0.061451942740291525,6.42
1498,-0.05303726391016349,6.4
1497,-0.049098402885116,6.44
1496,-0.044905273937537085,6.55
1495,-0.042938733125654174,6.5
1494,-0.031026018654889326,6.45
1493,-0.026183282980871095,6.5
1492,-0.019047619047624104,6.42
1491,-0.017157622739023083,6.68
1490,-0.016274201988492953,6.63
1489,-0.025221008840358942,6.59
1488,-0.03328042328042871,6.47
1487,-0.04839955849890173,6.4
1486,-0.06354875283447274,6.41
1485,-0.07074944071588936,6.3
1484,-0.07962032384143504,6.06
1483,-0.0837777777777835,5.86
1482,-0.07875275938190412,5.96
1481,-0.07395480225989279,5.93
1480,-0.06863075196409096,6.0
1479,-0.07123842592593173,6.03
1478,-0.06655367231638995,5.9
1477,-0.06503653738055652,5.94
1476,-0.059098497495831875,5.82
1475,-0.06395147313692089,5.91
1474,-0.06245614035088309,5.9
1473,-0.04826839826840362,5.97
1472,-0.03883495145631603,5.78
1471,-0.032195121951225064,5.7
1470,-0.020902090209026516,6.17
1469,-0.007352128247656086,6.18
1468,-0.007742998352559054,6.11
1467,-0.011519198664446213,6.04
1466,-0.01100164203613022,6.01
1465,-0.01172529313233386,6.07
1464,-0.008862876254186235,5.99
1463,-0.007722222222227663,6.1
1462,-0.006183249016306903,5.98
1461,-0.006035437430791874,5.95
1460,-0.0018763796909547557,6.0
1459,0.002152317880789245,5.93
1458,0.007026143790844328,6.02
1457,0.012547735951985673,6.06
1456,0.012216694306241001,6.12
1455,0.013278688524584699,6.08
1454,0.014784506273862495,6.15
1453,0.01410675381263062,6.06
1452,0.010944444444438725,6.1
1451,0.003402537485576638,6.11
1450,-0.004379977246877404,6.13
1449,-0.012259887005655818,6.05
1448,-0.019717514124299815,5.79
1447,-0.025214408233282446,5.84
1446,-0.016611295681069112,5.9
1445,-0.011496149614967486,5.91
1444,-0.008195819581964256,5.86
1443,0.00010840108400476256,5.99
1442,0.012433011789919035,6.04
1441,0.017770597738281727,6.06
1440,0.020562770562764694,6.11
1439,0.022403480152250715,6.22
1438,0.02259978425026382,6.18
1437,0.020043219881139735,6.12
1436,0.017755991285397323,6.16
1435,0.016855753646671873,6.19
1434,0.018566078116634233,6.14
1433,0.021960167714879134,6.12
1432,0.025681341719071944,6.13
1431,0.03144654088049745,6.24
1430,0.03386496544390689,6.33
1429,0.03475964078182185,6.35
1428,0.03301837270340613,6.34
1427,0.02772384034519364,6.27
1426,0.022489316239310417,6.31
1425,0.02239830956153654,6.32
1424,0.02405391394504356,6.18
1423,0.02559339525283241,6.27
1422,0.03251155624036423,6.32
1421,0.037167689161548396,6.44
1420,0.04100609756096994,6.48
1419,0.04256177508824436,6.46
1418,0.04643032988674959,6.48
1417,0.04920634920634339,6.51
1416,0.05012569130215617,6.6
1415,0.05230392156862176,6.75
1414,0.054922027290442876,6.72
1413,0.05377128953770743,6.63
1412,0.05267062314539499,6.77
1411,0.05321463897130993,6.84
1410,0.04926253687315065,6.85
1409,0.04607558139534331,6.74
1408,0.044090689821509085,6.76
1407,0.04631226053639267,6.76
1406,0.047584541062795985,6.87
1405,0.05072872590502479,6.91
1404,0.0516358463726826,6.96
1403,0.046398410332830264,6.9
1402,0.03910915320606344,7.05
1401,0.031077694235582876,7.0
1400,0.019696969696963815,6.71
1399,0.01504761904761333,6.84
1398,0.020446980504036174,6.65
1397,0.024438202247185452,6.78
1396,0.03352059925093064,6.96
1395,0.03851540616245944,7.02
1394,0.03930069930069379,7.15
1393,0.043278837420521486,7.12
1392,0.043738489871081004,7.13
1391,0.046558704453435865,7.15
1390,0.04970681100585843,7.31
1389,0.048692810457510914,7.25
1388,0.04427724578202844,7.44
1387,0.04614011601962889,7.41
1386,0.04593763724197989,7.18
1385,0.0431828545371584,7.33
1384,0.05106753812635649,7.48
1383,0.058311910882599974,7.52
1382,0.06534161490682741,7.31
1381,0.07286063569681675,7.64
1380,0.09555555555555124,7.7
1379,0.11601532567049348,8.01
1378,0.1308418271045631,8.27
1377,0.14056271981242213,9.16
1376,0.14242779078844192,8.55
1375,0.12570754716980678,8.75
1374,0.11475796930341917,8.52
1373,0.09745145631067496,8.44
1372,0.08402607986959595,8.5
1371,0.06578282828282345,8.38
1370,0.04909015715466881,8.2
1369,0.03047740835464143,8.07
1368,0.01647509578543579,7.91
1367,-0.0008355321020278722,8.04
1366,-0.006130268199238713,7.78
1365,-0.0149425287356374,7.77
1364,-0.013216957605990226,7.55
1363,-0.011527257594678542,7.77
1362,-0.0035699460357045978,7.88
1361,-0.003924050632916525,8.04
1360,-0.0007021891780306497,8.03
1359,-0.0006097560975660535,8.0
1358,0.004365079365074549,7.88
1357,0.007972756410251636,8.08
1356,0.012739112739107704,8.17
1355,0.012839206156333568,8.4
1354,-0.0007853403141415031,8.33
1353,-0.019339417644507497,8.21
1352,-0.033592736705582285,8.23
1351,-0.04483506944444963,7.66
1350,-0.052288428324702756,7.62
1349,-0.0414026193493922,7.59
1348,-0.02670781893004594,7.68
1347,-0.01575907590759551,7.72
1346,0.003703703703698991,7.89
1345,0.02397525135343691,8.3
1344,0.04725877192982,8.23
1343,0.06416292974588476,8.36
1342,0.08221978824388024,8.57
1341,0.08899082568806868,9.12
1340,0.08730529595015123,8.98
1339,0.07189314750289924,9.1
1338,0.07120732136571234,8.76
1337,0.07567476383265467,8.51
1336,0.08827292110873815,8.75
1335,0.1008799718408972,9.89
1334,0.10846930846930418,9.74
1333,0.08903753251578912,9.31
1332,0.0745018574805771,9.37
1331,0.081653746770022,8.57
1330,0.0912246865959459,8.98
1329,0.11825860948667564,10.1
1328,0.13692713484997956,10.28
1327,0.13857913669064384,10.2
1326,0.14391871398240455,10.17
1325,0.14727164887306887,9.99
1324,0.15296010296009924,11.27
1323,0.1485181485181446,11.12
1322,0.11938976377952364,10.96
1321,0.09420145791914769,10.66
1320,0.05582713425433491,10.0
1319,0.03295138888888457,10.16
1318,0.015258467023168376,9.95
1317,-0.01038251366120672,9.43
1316,-0.02343750000000459,9.5
1315,-0.01863543788187805,9.38
1314,-0.022502628811781604,9.15
1313,-0.02340425531915335,9.61
1312,-0.014231433506049228,9.69
1311,-0.007046869878732182,9.36
1310,-0.01103214890017331,9.37
1309,-0.009938524590168073,9.85
1308,0.00036703370036303694,10.0
1307,-0.0034078807241788188,9.76
1306,-0.014837819185649246,9.7
1305,-0.01602303523035618,9.72
1304,-0.011252032520329077,9.34
1303,-0.00965338516359293,9.69
1302,0.021054181389866977,9.99
1301,0.05825970548861816,10.19
1300,0.10119221411191953,11.32
1299,0.14057853473911558,12.45
1298,0.16762645914396596,13.7
1297,0.18645912427233322,15.0
1296,0.19176114890400314,12.25
1295,0.17987179487179183,12.85
1294,0.18291044776119142,13.35
1293,0.18197812648596992,12.9
1292,0.1832684824902701,13.22
1291,0.20015161360190373,13.4
1290,0.2151108399430526,13.7
1289,0.23551880291395758,15.98
1288,0.24695667740780355,15.2
1287,0.2598224953063647,16.71
1286,0.28377148634984684,16.99
1285,0.2960317460317447,18.0
1284,0.32964959568732993,19.53
1283,0.32102359208523407,19.6
1282,0.27517730496453713,20.75
1281,0.24647863247863064,18.39
1280,0.21759999999999832,18.5
1279,0.21731239092495463,18.7
1278,0.2142463979277952,19.3
1277,0.21172897196261561,19.9
1276,0.21345115365733794,19.4
1275,0.19996715927750258,21.22
1274,0.19411116359628247,20.6
1273,0.18186363636363498,20.0
1272,0.17106636838180322,20.01
1271,0.17483432736911703,21.7
1270,0.16238761238761104,22.7
1269,0.13504698728579176,22.0
1268,0.07276822276822113,19.79
1267,-0.011786833855801083,19.84
1266,-0.0642580118391528,17.9
1265,-0.13139784946236735,16.23
1264,-0.20666666666666902,16.1
1263,-0.2848991507431022,16.5
1262,-0.30678778703003035,14.6
1261,-0.40571909167367814,14.3
1260,-0.5228348909657354,11.58
1259,-0.5103896103896137,12.91
1258,-0.5431175934366489,11.66
1257,-0.5001957494407192,11.77
1256,-0.46603514552444036,10.4
1255,-0.3937483582873684,10.94
1254,-0.3124403056351508,11.8
1253,-0.2515172735760999,11.8
1252,-0.23132440476190755,12.59
1251,-0.23721763085399783,14.0
1250,-0.26361161524501275,13.92
1249,-0.25857142857143184,12.83
1248,-0.30685920577617687,11.09
1247,-0.3219393939393976,11.55
1246,-0.36262525050100625,11.81
1245,-0.3024612579763027,10.7
1244,-0.2818808026355232,10.78
1243,-0.25143288084464915,9.94
1242,-0.19209039548022935,10.96
1241,-0.12465531224655636,10.77
1240,-0.08020413644910374,11.23
1239,-0.059051724137934906,12.09
1238,-0.029688369504733768,12.08
1237,-0.011183496199786242,12.12
1236,0.004668240230786165,11.6
1235,5.8275058271247596e-05,12.2
1234,0.00513937282229572,12.13
1233,-0.012616822429910673,12.7
1232,-0.04797072521623858,10.7
1231,-0.12450110864745496,11.1
1230,-0.2094827586206952,10.51
1229,-0.3274509803921629,9.5
1228,-0.38392778511669445,8.12
1227,-0.3810275080906201,8.0
1226,-0.4442350829968654,7.33
1225,-0.5022288261515667,7.7
1224,-0.5302547770700707,8.18
1223,-0.48527363184080263,7.1
1222,-0.4464646464646527,6.3
1221,-0.40453544693967985,6.5
1220,-0.36574440052701485,6.61
1219,-0.31292875989446495,7.26
1218,-0.32346041055719116,7.4
1217,-0.36938110749186387,7.52
1216,-0.344345679012352,7.58
1215,-0.3483950617284015,6.5
1214,-0.33001893939394555,6.19
1213,-0.28367254635911937,6.73
1212,-0.2302578018995991,6.82
1211,-0.19393524851801766,6.85
1210,-0.13984375000000565,7.38
1209,-0.1180253623188464,7.14
1208,-0.08869908015769307,7.32
1207,-0.06684563758389848,7.54
1206,-0.04553406998158988,7.25
1205,-0.026103896103901708,7.4
1204,0.006971947194714032,7.54
1203,0.04064393939393436,7.49
1202,0.07594696969696481,7.69
1201,0.11044600938966613,8.07
1200,0.1305066079295103,8.63
1199,0.1458054936896758,8.88
1198,0.14379084967319775,8.5
1197,0.14014814814814336,9.08
1196,0.14696969696969275,8.96
1195,0.1532019704433456,8.71
1194,0.16320582877959458,9.9
1193,0.1649453823237295,9.9
1192,0.17648554178582349,9.55
1191,0.1787908496731984,9.45
1190,0.17116249197173647,10.49
1189,0.18600064662139926,10.14
1188,0.1792386436340332,10.15
1187,0.16418918918918513,10.17
1186,0.1561597542242667,10.45
1185,0.15207945375542756,10.21
1184,0.14920492049204562,10.45
1183,0.14998461064942675,10.6
1182,0.1471119716037393,10.75
1181,0.12793650793650407,11.22
1180,0.1143129770992326,10.65
1179,0.09172281039460621,10.39
1178,0.0763339610797199,10.45
1177,0.07470319634702804,10.41
1176,0.0718018839258545,10.34
1175,0.06022267206477289,10.55
1174,0.04469011725292685,11.04
1173,0.028481222997669493,10.81
1172,0.003279242731571109,9.88
1171,-0.01924092409241341,9.98
1170,-0.0014401440144054386,10.12
1169,0.018260869565213604,9.8
1168,0.03003928679358936,10.09
1167,0.04066416040099861,11.2
1166,0.05013901760889305,11.3
1165,0.036183997408482924,10.78
1164,0.013584905660373015,10.65
1163,0.006820987654316494,10.62
1162,0.008093023255809633,10.06
1161,0.015223097112856653,10.53
1160,0.03753148614609162,10.75
1159,0.060234854550303016,10.96
1158,0.08039056143205466,11.3
1157,0.09577546296295897,11.86
1156,0.09796373779636998,12.3
1155,0.09416595865193612,12.15
1154,0.07408416590977482,11.5
1153,0.05174887892376267,11.8
1152,0.045166959578203415,11.75
1151,0.027560012154356328,10.98
1150,-0.0058088483620442515,11.1
1149,-0.03947557471264828,11.3
1148,-0.07112053729233404,10.9
1147,-0.1374165685119798,9.05
1146,-0.1865172955974891,9.38
1145,-0.255076252723317,9.19
1144,-0.2772243507875745,8.65
1143,-0.3411550704865906,8.34
1142,-0.33204467353952444,7.7
1141,-0.37103825136612606,7.9
1140,-0.3360138348465249,7.12
1139,-0.30500000000000493,7.68
1138,-0.26536426536427044,7.07
1137,-0.2768421052631633,7.61
1136,-0.2394514767932541,8.1
1135,-0.20705360741636902,7.98
1134,-0.22525386313466303,7.75
1133,-0.20152451586321027,8.0
1132,-0.19452350150927616,8.11
1131,-0.1771840542832957,7.66
1130,-0.18995065051593146,8.0
1129,-0.15614261168385352,7.66
1128,-0.15050240279598545,7.7
1127,-0.12357621440536477,7.44
1126,-0.10435510887772641,7.61
1125,-0.07357469829380385,7.62
1124,-0.045067621320608604,7.95
1123,-0.015281076801270943,7.64
1122,0.0048652995576959155,8.1
1121,0.02238442822383987,8.27
1120,0.04077071290943705,8.43
1119,0.044645006016842945,8.23
1118,0.04458027709861025,8.14
1117,0.029393115942024237,8.47
1116,0.006077606358106362,8.2
1115,-0.05325140809012309,8.12
1114,-0.09379036264282682,7.36
1113,-0.12040719696970181,7.16
1112,-0.12361502347418313,6.55
1111,-0.13937592867756812,6.67
1110,-0.11621493105088426,7.03
1109,-0.10103871576959857,7.01
1108,-0.10082006753497805,6.85
1107,-0.10735294117647548,6.98
1106,-0.09603864734299977,6.9
1105,-0.08459737827715814,6.9
1104,-0.08406827880512548,6.75
1103,-0.07736389684814211,6.99
1102,-0.058002735978116726,7.1
1101,-0.03569553805774701,7.11
1100,-0.016666666666670844,6.97
1099,0.0007782101167271695,7.43
1098,0.019559585492223697,7.66
1097,0.026871657754006486,7.75
1096,0.027132805628843744,7.62
1095,0.021156373193162627,7.71
1094,0.015753424657529654,7.48
1093,0.01616426387068155,7.63
1092,0.024285714285710053,7.56
1091,0.030537634408597872,7.41
1090,0.04327557755775172,7.66
1089,0.06391286477599246,7.68
1088,0.07339255499153546,7.73
1087,0.07599156118143033,8.0
1086,0.078438661710033,8.14
1085,0.0701931150293828,7.83
1084,0.06485068603712274,7.93
1083,0.07199373286329401,8.02
1082,0.07968253968253566,7.95
1081,0.07882113821137772,8.22
1080,0.08000815993471633,8.45
1079,0.06560706401765552,8.24
1078,0.03786279683376839,8.3
1077,0.013201754385960362,8.2
1076,-0.01031531531531988,7.46
1075,-0.014291564291568335,7.45
1074,-0.008427672955979109,7.51
1073,-4.1152263378593005e-05,7.52
1072,0.006482643245499861,7.96
1071,0.023455284552841592,7.91
1070,0.024220332118262758,8.02
1069,0.028583028826630386,8.01
1068,0.021492921492917354,8.11
1067,0.0037805440295023375,8.16
1066,-0.021698984302866674,8.23
1065,-0.0524280999528567,7.61
1064,-0.08754789272031079,7.23
1063,-0.11201946472019918,7.28
1062,-0.10969868173258439,6.9
1061,-0.10932958274730871,6.95
1060,-0.11639666175749114,6.86
1059,-0.11368523949169564,7.1
1058,-0.1042206235012036,7.03
1057,-0.0980724024447621,6.77
1056,-0.09775870290892186,6.78
1055,-0.08678078934855388,6.95
1054,-0.07541607227770276,7.1
1053,-0.06723891273247938,7.1
1052,-0.06436781609195855,7.01
1051,-0.04788540245566626,6.96
1050,-0.03561020036430317,6.95
1049,-0.024525745257456794,6.9
1048,-0.011843876177662457,7.37
1047,0.0024542614904016964,7.4
1046,0.008640350877188934,7.41
1045,0.021059431524543818,7.45
1044,0.021514312096025334,7.48
1043,0.01914696337505368,7.55
1042,0.02105028927458418,7.59
1041,0.02223695844385084,7.22
1040,0.02094861660078616,7.1
1039,0.035153879497178325,7.45
1038,0.04804177545691481,7.6
1037,0.053273809523805185,7.62
1036,0.0574550128534661,7.7
1035,0.05675438596490778,7.61
1034,0.05380645161289896,7.78
1033,0.05706633704161091,7.78
1032,0.059085290482072436,7.52
1031,0.06398046398045987,7.71
1030,0.07152863617634515,8.06
1029,0.07537832310838025,8.1
1028,0.07320419693300641,8.21
1027,0.07282608695651775,8.1
1026,0.0687423687423647,8.15
1025,0.0717148362235029,8.2
1024,0.07450514647663903,8.28
1023,0.0715144230769192,8.17
1022,0.06762246117084433,8.65
1021,0.06694779116465495,8.28
1020,0.05578069129916207,8.3
1019,0.04951690821255665,8.36
1018,0.04714964370545952,8.38
1017,0.0454402515723235,8.39
1016,0.04551206010280384,8.35
1015,0.04120258272800283,8.37
1014,0.036521388216299716,8.45
1013,0.028995983935739243,8.45
1012,0.010492227979270638,8.22
1011,-0.009362808842656846,8.24
1010,-0.029205503772751683,8.28
1009,-0.05486968449931844,7.72
1008,-0.07622252131000859,7.65
1007,-0.0815212527964246,7.52
1006,-0.08247468075737972,7.3
1005,-0.08644144144144542,7.42
1004,-0.07566974088713621,7.39
1003,-0.06649305555555969,7.61
1002,-0.06139657444005682,7.39
1001,-0.06246085011186091,7.6
1000,-0.05586542718017209,7.67
999,-0.04898663216904217,7.54
998,-0.04137055837563808,7.47
997,-0.03435897435897809,7.53
996,-0.02274659863945945,7.73
995,-0.013928417421306094,7.88
994,-0.01446789797713666,7.83
993,-0.015288544358315682,7.85
992,-0.013659793814436865,7.76
991,-0.012939160239935275,7.6
990,-0.006371308016881488,7.73
989,0.00775862068965142,7.72
988,0.01706004140786352,7.85
987,0.02551953449708658,7.89
986,0.03237139272270615,8.13
985,0.03792537925378874,8.07
984,0.0382304526748934,8.03
983,0.0424352750809025,7.97
982,0.04463484292125291,8.13
981,0.04943775100401249,8.08
980,0.049086479902554124,8.24
979,0.04274809160304929,8.19
978,0.034615384615380634,8.29
977,0.02936311000826718,8.08
976,0.025582329317265028,7.92
975,0.02292426083434185,8.02
974,0.030972388955578075,8.05
973,0.035326953748002383,8.28
972,0.03773737373736958,8.19
971,0.03198694410444321,8.35
970,0.03186682520808147,8.37
969,0.032981633450562584,8.25
968,0.0350447296771644,8.19
967,0.040693641618493245,8.39
966,0.04988558352402359,8.53
965,0.05781938325990802,8.55
964,0.06759160441123771,8.75
963,0.07714907508160634,8.7
962,0.08398409255241836,9.02
961,0.08585972850678315,9.3
960,0.0788716814159252,9.23
959,0.06839587932302778,9.05
958,0.060521415270014985,8.82
957,0.05192165558018847,9.04
956,0.0520325203251993,9.01
955,0.04777282850779097,8.98
954,0.044358974358970404,8.96
953,0.04543802253725524,9.03
952,0.04277777777777361,8.98
951,0.03656036446468861,9.05
950,0.03076923076922698,9.14
949,0.017824074074070155,8.93
948,0.004630692690390257,8.74
947,-0.005107526881724421,8.82
946,-0.007865597556323121,8.65
945,-0.009073865766783049,8.73
944,-0.004586129753919004,8.72
943,0.0056031406138434495,8.76
942,0.016168091168087206,8.9
941,0.024633011099172653,8.99
940,0.03202406227883568,9.33
939,0.03838491639985381,9.3
938,0.03420007222823743,9.31
937,0.031773049645386194,9.46
936,0.034166666666662904,9.3
935,0.03556485355648144,9.18
934,0.03487953973390511,9.39
933,0.033296783625727085,9.52
932,0.027826404084606075,9.56
931,0.01780673181324277,9.25
930,0.005925925925922115,9.12
929,-3.707823507961236e-05,9.3
928,-0.0030774935113126226,9.21
927,-0.007856341189678344,9.0
926,-0.014994363021424626,9.07
925,-0.01689138576779414,8.97
924,-0.013508579773643682,8.76
923,-0.01365327380952741,8.92
922,-0.012188777406172515,8.89
921,-0.008324165749912049,9.18
920,-0.017196702002359992,8.96
919,-0.03622489959839782,8.95
918,-0.04512338425382346,8.9
917,-0.05269066976384465,8.33
916,-0.04248504047870877,8.27
915,-0.0273118279569934,8.48
914,0.0014314928425320879,8.6
913,0.02251308900523168,9.46
912,0.044353462981913644,9.34
911,0.05174825174824809,9.63
910,0.06101404590612866,9.65
909,0.05919481405663231,9.7
908,0.0603322949117306,9.98
907,0.05488748241912424,9.62
906,0.04788684389911043,9.69
905,0.05018425460636205,9.66
904,0.05858490566037439,9.45
903,0.07106017191976752,9.76
902,0.08519230769230438,10.05
901,0.09067065073040821,10.3
900,0.08799192734611126,10.38
899,0.07097208207197737,10.3
898,0.053960055096414945,10.08
897,0.027212389380526898,9.79
896,0.005884502923972503,9.85
895,-0.004188481675396859,9.49
894,-0.020851528384284015,8.9
893,-0.02971715001790635,9.12
892,-0.018184955141481267,9.4
891,-0.009885535900108378,9.04
890,-0.012335412335416887,9.35
889,-0.006088751289994188,9.65
888,0.0002710027100227379,9.6
887,0.00010141987829176606,9.6
886,0.007090788601718771,9.75
885,0.012245578912241518,10.0
884,0.016800804828969538,9.88
883,0.014442162902117599,9.95
882,0.014425345466797199,9.92
881,0.009645535105653429,9.91
880,-0.000281888653985965,9.65
879,-0.007314524555908165,9.82
878,-0.017190321415677987,9.73
877,-0.02805704099822212,9.39
876,-0.03231685944620155,9.53
875,-0.030552622316090773,9.16
874,-0.030982905982910827,9.43
873,-0.022433862433867108,9.49
872,-0.0207343412527046,9.45
871,-0.022305764411032315,9.36
870,-0.02197373091942235,9.46
869,-0.018306878306882823,9.21
868,-0.02006437768240794,9.33
867,-0.01701902748414785,9.38
866,-0.010549828178698446,9.39
865,-0.006819763395967883,9.3
864,-0.00999286224126028,9.48
863,-0.011773203322503286,9.67
862,-0.014029422317908893,9.58
861,-0.025429930479331113,9.34
860,-0.03543510324484236,9.23
859,-0.036086956521743464,9.3
858,-0.037979351032452945,9.11
857,-0.037327523602038004,9.09
856,-0.03413830954994979,9.2
855,-0.03111849390919598,9.01
854,-0.03351976137211497,9.15
853,-0.03640850417616238,9.05
852,-0.04130599848140147,9.06
851,-0.04550989345510346,8.91
850,-0.054307992202733704,8.74
849,-0.06881851400731306,8.77
848,-0.07678355501814234,8.77
847,-0.07911741528763234,8.53
846,-0.08295769078687674,8.15
845,-0.08169236852511312,8.28
844,-0.08409937888199215,8.43
843,-0.07978810105949927,8.41
842,-0.08625258799172321,8.38
841,-0.08363563079403916,8.06
840,-0.09013266998342102,8.18
839,-0.09393548387097275,8.08
838,-0.10457948040511285,8.2
837,-0.11641791044776609,8.04
836,-0.1323315118397135,7.73
835,-0.14255707762557565,7.53
834,-0.16129496402878216,7.34
833,-0.16439070649597484,7.33
832,-0.1628787878787929,7.3
831,-0.15554003724395274,7.0
830,-0.14849745723532626,7.04
829,-0.13084714548803444,7.04
828,-0.11597796143251198,7.12
827,-0.100733608436502,7.18
826,-0.09651107967940165,7.24
825,-0.09606147934678735,7.25
824,-0.09138257575758109,7.18
823,-0.09496855345912483,7.05
822,-0.10192307692308232,6.94
821,-0.10322901142573818,7.06
820,-0.09779086892489473,6.87
819,-0.09023809523810021,6.71
818,-0.08175740210124675,6.69
817,-0.068385864374408,6.79
816,-0.05435823754789765,6.96
815,-0.049900793650798865,6.93
814,-0.04024447578749909,6.97
813,-0.05412748171369407,6.98
812,-0.06863684771033557,7.39
811,-0.08029818956337063,7.01
810,-0.09600665557404887,6.27
809,-0.1276836158192147,6.23
808,-0.13198879551821305,6.14
807,-0.13045881702598672,6.01
806,-0.13046357615894588,5.88
805,-0.12203856749311823,5.95
804,-0.11351052048727019,6.01
803,-0.1116015846066835,6.03
802,-0.10798201236650375,6.06
801,-0.10386554621849298,6.03
800,-0.09575757575758122,5.9
799,-0.11117117117117725,5.9
798,-0.1182874617737065,5.94
797,-0.12692544670364128,6.02
796,-0.13443425076453205,5.55
795,-0.15622641509434587,5.44
794,-0.15052762259466787,5.43
793,-0.1434944237918279,5.43
792,-0.12999392835459023,5.29
791,-0.12324159021407334,5.33
790,-0.11107011070111329,5.35
789,-0.09804281345566355,5.47
788,-0.09475015812777367,5.45
787,-0.1062666666666738,5.39
786,-0.10844884488449524,5.45
785,-0.10988867059594667,5.28
784,-0.10770226537217505,5.01
783,-0.10231213872833048,5.07
782,-0.06491535318155905,5.09
781,-0.03401826484018894,5.14
780,-0.0027222222222282135,5.5
779,0.025760088446649534,5.9
778,0.04847438111686175,5.65
777,0.052619458837069005,5.88
776,0.05503091624507522,5.99
775,0.04999999999999342,5.76
774,0.04147760325770162,5.79
773,0.051746031746025906,5.85
772,0.07227182539681988,5.68
771,0.08723628691982527,5.81
770,0.1043229166666608,6.24
769,0.11927840603122727,6.57
768,0.11226666666666077,6.26
767,0.09298245614034496,6.26
766,0.08560606060605463,6.23
765,0.07652582159623841,6.18
764,0.07517388978062556,6.23
763,0.06560402684563148,6.18
762,0.047158758055061,6.4
761,0.029473684210519952,6.27
760,0.00011947431301600175,5.9
759,-0.03478535353536072,5.59
758,-0.05721393034826582,5.7
757,-0.06401925391095756,5.51
756,-0.07448484848485538,5.27
755,-0.08351783517835865,5.38
754,-0.06830697129467553,5.5
753,-0.056499133448880044,5.5
752,-0.051520467836263864,5.43
751,-0.04517078916372858,5.74
750,-0.031192129629635988,5.63
749,-0.02821407795230427,5.66
748,-0.03452807646356688,5.71
747,-0.05636007827789384,5.76
746,-0.09175475687104385,5.7
745,-0.12619047619048412,5.31
744,-0.1547520661157105,5.12
743,-0.21292048929664492,4.73
742,-0.21611234294161974,4.9
741,-0.20915750915751766,4.5
740,-0.21750000000000863,4.45
739,-0.18842975206612378,4.52
738,-0.1447299077733937,4.37
737,-0.13659574468085925,4.4
736,-0.1156533892383033,5.32
735,-0.0770666666666747,5.01
734,-0.057096354166674516,4.78
733,-0.0535856573705261,4.72
732,-0.037200000000007984,4.95
731,-0.01997380484611148,5.05
730,-0.012174479166674607,4.93
729,-0.013955026455034346,4.98
728,-0.006912144702850136,5.05
727,-0.0011834319526706498,5.06
726,0.0008547008546931401,5.06
725,0.006552162849865017,5.11
724,0.01761723700886414,5.05
723,0.026779026217220944,5.07
722,0.03468992248061229,5.18
721,0.03943569553804964,5.23
720,0.037598425196842145,5.28
719,0.034516765285987606,5.13
718,0.027766863130312597,5.08
717,0.025147347740659798,5.1
716,0.02402343749999189,5.0
715,0.016802721088426724,5.1
714,0.0038054968287435857,5.08
713,-0.010282953761223335,5.0
712,-0.023651452282166495,4.76
711,-0.03586584531143916,4.73
710,-0.03738191632929322,4.8
709,-0.030753564154794612,4.86
708,-0.03090277777778668,4.89
707,-0.032430555555564476,4.97
706,-0.03811533052040292,4.8
705,-0.0478943611706019,4.81
704,-0.052149400986619375,4.76
703,-0.054468085106392096,4.76
702,-0.05707178393746453,4.7
701,-0.061717612809325355,4.74
700,-0.06786248131540597,4.74
699,-0.07294900221730469,4.63
698,-0.07129428778019767,4.58
697,-0.0772592592592692,4.5
696,-0.0776785714285813,4.52
695,-0.06695906432749515,4.59
694,-0.05866084425037373,4.5
693,-0.06192626034613523,4.49
692,-0.05657015590201444,4.54
691,-0.05272184936615466,4.56
690,-0.0502586844050357,4.44
689,-0.04874631268437584,4.53
688,-0.036514822848888996,4.47
687,-0.027838033261036496,4.48
686,-0.016882183908055508,4.5
685,-0.008655221745359744,4.6
684,-0.0058479532163839484,4.62
683,-0.009940209267573287,4.65
682,-0.011578171091455257,4.66
681,-0.013907284768221662,4.55
680,-0.017035398230098312,4.46
679,-0.01236442516269952,4.5
678,-0.0015636105188438854,4.51
677,0.006125356125346721,4.53
676,0.0109668109668013,4.62
675,0.018542108987959275,4.69
674,0.017875457875447903,4.68
673,0.010764662212313298,4.6
672,0.0023220973782668184,4.7
671,-0.014956245027854932,4.55
670,-0.03474509803922638,4.49
669,-0.02720797720798712,4.4
668,-0.023238925199719727,4.22
667,-0.021481481481491746,4.68
666,-0.011818181818192426,4.69
665,-0.006944444444455192,4.5
664,-0.024705882352951933,4.48
663,-0.036899224806212154,4.41
662,-0.045716510903437424,4.3
661,-0.058252427184476846,4.24
660,-0.06313253012049273,4.33
659,-0.07366666666667787,4.26
658,-0.1068306010929083,4.13
657,-0.12724014336918751,4.15
656,-0.15162488393687404,4.02
655,-0.16548592188920366,3.62
654,-0.1801104972375811,3.73
653,-0.16187943262412507,3.55
652,-0.1538666666666784,3.69
651,-0.14168912848159287,3.6
650,-0.12288946910357959,3.72
649,-0.11167557932264995,3.74
648,-0.09791122715405835,3.72
647,-0.08766404199476222,3.82
646,-0.08593607305937305,3.72
645,-0.06285240464346062,3.81
644,-0.04348184818482941,3.76
643,-0.034860050890596544,4.02
642,-0.03404634581106362,4.15
641,-0.007948094079491626,3.92
640,-0.004938271604949132,3.88
639,0.0035598705501511804,3.75
638,0.02386451116242232,4.18
637,0.054242424242414024,4.1
636,0.0636792452830085,4.09
635,0.07349019607842099,4.25
634,0.07940251572326001,4.32
633,0.08031319910513549,4.24
632,0.08028919330288188,4.22
631,0.08317829457363332,4.21
630,0.08376268540201952,4.42
629,0.07959349593494897,4.23
628,0.06180392156861751,4.25
627,0.048755020080311094,4.25
626,0.04241724403386251,4.1
625,0.033008130081290464,4.23
624,0.03108974358973333,4.19
623,0.024920634920624987,4.17
622,0.020954692556624344,4.12
621,0.01791383219953696,4.09
620,0.025345622119806125,4.16
619,0.026117647058813653,4.1
618,0.02779060816011365,4.25
617,0.03193146417444508,4.23
616,0.02128982128981149,4.24
615,0.020273348519352773,4.31
614,0.02686011904760984,4.18
613,0.026969696969687335,4.28
612,0.03289665211061666,4.32
611,0.04048672566370754,4.47
610,0.04025583145221017,4.39
609,0.0359609609609515,4.55
608,0.036349924585209074,4.5
607,0.02674329501914751,4.44
606,0.0109236947791067,4.42
605,-0.005077805077814993,4.41
604,-0.020487804878058655,4.36
603,-0.035555555555565894,4.16
602,-0.05252525252526311,4.03
601,-0.05478547854786502,4.01
600,-0.055472636815930974,4.02
599,-0.0627848101265929,3.92
598,-0.06889460154242713,3.98
597,-0.06905370843990838,4.01
596,-0.06792294807371221,3.95
595,-0.06892797319934046,3.89
594,-0.061893004115236516,3.95
593,-0.05061124694377545,3.99
592,-0.035150078988951464,3.95
591,-0.024540367705845514,4.06
590,-0.005797101449284886,4.12
589,0.0019002375296812977,4.08
588,0.010772833723643474,4.15
587,0.010262529832925632,4.42
586,0.007452907452897357,4.21
585,-0.013989637305710368,4.27
584,-0.026770293609682708,4.06
583,-0.042268041237124084,4.0
582,-0.07325800376649022,3.89
581,-0.09471199244571546,3.87
580,-0.10881226053641073,3.77
579,-0.13353293413174935,3.5
578,-0.1503441494592061,3.51
577,-0.16542827657380055,3.44
576,-0.16930894308944366,3.41
575,-0.15392720306514623,3.39
574,-0.141714836223519,3.21
573,-0.12941738299905708,3.35
572,-0.10923809523810744,3.5
571,-0.08932955618509232,3.46
570,-0.08763285024155838,3.38
569,-0.07840909090910321,3.52
568,-0.07050561797754015,3.52
567,-0.06450704225353317,3.45
566,-0.05255009107469292,3.51
565,-0.036495031616994224,3.6
564,-0.021479500891277006,3.58
563,-0.009204647006267073,3.64
562,0.0061170212765842055,3.69
561,0.014260249554355536,3.73
560,0.027749140893459607,3.77
559,0.041978387364910094,3.77
558,0.057010915197301976,3.73
557,0.07088502894953418,3.85
556,0.08718572587184657,4.01
555,0.09495450785772276,3.97
554,0.09289340101521752,4.1
553,0.0919999999999892,4.07
552,0.08745874587457672,4.01
551,0.07281639928697606,3.93
550,0.056464379947218056,4.02
549,0.04833759590791727,4.06
548,0.041225860621315585,3.74
547,0.027633851468037148,3.83
546,0.03060528559248689,3.91
545,0.03542713567838125,4.0
544,0.034920634920624284,3.88
543,0.032752902155876555,3.93
542,0.035092127303171794,3.98
541,0.04084732214227603,3.92
540,0.04536817102136751,4.0
539,0.05063191153237537,3.96
538,0.05620608899296431,4.12
537,0.05913185913184891,4.18
536,0.04487510766579466,4.2
535,0.026837606837596027,4.24
534,0.009462915601012208,4.02
533,-0.018538324420688618,3.85
532,-0.034394341290904185,3.87
531,-0.03996463306809249,3.89
530,-0.04255874673630351,3.7
529,-0.0508489722967049,3.75
528,-0.04924039320823311,3.77
527,-0.05586334256695561,3.78
526,-0.059484346224689566,3.73
525,-0.07192488262912008,3.79
524,-0.0770308123249419,3.64
523,-0.07719780219781382,3.7
522,-0.06675627240144508,3.55
521,-0.06120071684588966,3.51
520,-0.04968888888890035,3.64
519,-0.03596491228071311,3.7
518,-0.024543080939959105,3.72
517,-0.022488888888900386,3.93
516,-0.015104166666678073,3.76
515,-0.010122164048876944,3.81
514,-0.008970976253309703,3.75
513,-0.00859649122808185,3.83
512,-0.0017271157167644522,3.82
511,0.001986183074254482,3.8
510,0.010717299578047772,3.82
509,0.024691358024680306,3.93
508,0.03527918781724756,3.81
507,0.036814621409909966,3.92
506,0.030253623188393655,3.98
505,0.015101289134425969,3.94
504,-0.008403361344550324,3.79
503,-0.01921358355675915,3.63
502,-0.017789291882567747,3.62
501,-0.0061068702290190515,3.59
500,0.010411418975639164,3.73
499,0.02854743912677268,3.88
498,0.03990024937654724,3.93
497,0.04932378679394302,3.95
496,0.05874509803920504,3.96
495,0.06523809523808445,4.0
494,0.06838235294116546,4.2
493,0.06964573268920017,4.4
492,0.06858678955452108,4.15
491,0.06819923371646483,4.11
490,0.07093821510296458,4.16
489,0.08123123123122128,4.34
488,0.08981900452487669,4.36
487,0.08838612368023119,4.35
486,0.08876570583886631,4.42
485,0.0917027417027317,4.42
484,0.09565826330531234,4.4
483,0.09755911517924183,4.53
482,0.09666666666665667,4.61
481,0.09936708860758521,4.63
480,0.09741379310343833,4.39
479,0.08501118568231628,4.72
478,0.08816738816737807,4.75
477,0.08211551844118715,4.6
476,0.07552742616032793,4.49
475,0.07106382978722432,5.07
474,0.07479166666665724,4.83
473,0.07408963585433209,4.71
472,0.06652661064424814,4.71
471,0.056703296703286554,4.82
470,0.045594713656377656,4.65
469,0.02624434389139239,4.76
468,0.011967694566803485,4.58
467,0.004700854700844884,4.53
466,0.008879492600413217,4.41
465,0.01573111573110615,4.54
464,0.027178423236505354,4.75
463,0.033263743910916126,4.7
462,0.035273735273725945,4.83
461,0.034588563458846776,4.85
460,0.02874293785309769,4.78
459,0.022528248587560896,4.71
458,0.013882863340553985,4.82
457,0.009951287404305011,4.72
456,0.010378006872842576,4.75
455,0.018139223560901085,4.59
454,0.034788108791895145,4.72
453,0.0644252873563139,4.82
452,0.09899789029535133,4.95
451,0.13985611510790721,5.8
450,0.18753993610222924,6.38
449,0.2088296760710482,6.32
448,0.22351916376305822,6.51
447,0.1987432675044799,6.15
446,0.14308176100628067,6.38
445,0.10505789152954667,5.65
444,0.07186223000582972,5.26
443,0.059642637091796756,5.56
442,0.057019064124775316,5.52
441,0.06412979351031639,5.7
440,0.06303571428570616,5.54
439,0.05349794238682335,5.81
438,0.05444245676803002,5.83
437,0.04145607701563563,5.66
436,0.01783567134267602,5.5
435,-0.008870967741944893,5.59
434,-0.01965811965812823,5.38
433,-0.04147135416667572,5.04
432,-0.06626506024097314,4.96
431,-0.06383957922420377,5.3
430,-0.06001304631442521,5.1
429,-0.07022900763359666,5.0
428,-0.07332041343670155,5.08
427,-0.08224043715847945,5.1
426,-0.11569069069070125,5.19
425,-0.1377037037037141,5.12
424,-0.16786248131540651,5.13
423,-0.2016241299304051,4.46
422,-0.203092006033193,4.5
421,-0.17412280701755412,4.48
420,-0.16636771300449507,4.4
419,-0.15563114134543782,4.51
418,-0.16190476190477332,4.57
417,-0.144722854973435,4.41
416,-0.14555808656037486,4.36
415,-0.1419527078566085,4.14
414,-0.10609840609841556,4.21
413,-0.051858853182113245,4.44
412,0.001718213058411577,4.35
411,0.045729537366540084,5.29
410,0.0816205533596749,5.82
409,0.09166666666665713,5.38
408,0.08491161616160756,5.31
407,0.06628859483300963,4.81
406,0.04694280078894561,4.87
405,0.041683778234077,5.15
404,0.04220779220778265,5.09
403,0.015277777777767818,5.07
402,-0.023248652809864302,4.88
401,-0.05072796934866935,4.69
400,-0.07492138364780965,4.59
399,-0.07528344671202858,4.34
398,-0.08438719750196239,4.36
397,-0.08069767441861529,4.25
396,-0.08309968847353091,4.35
395,-0.08067292644758516,4.23
394,-0.0953771289537826,4.27
393,-0.09517022961204566,4.22
392,-0.07379409647229242,4.22
391,-0.05347368421053613,4.11
390,-0.03921146953406009,4.25
389,-0.02259013980869321,4.6
388,-0.014606741573044174,4.61
387,-0.026179604261806745,4.56
386,-0.04640371229699473,4.49
385,-0.06385636221702923,4.44
384,-0.07753796962431204,4.35
383,-0.08141945773525876,4.36
382,-0.08268292682927988,4.2
381,-0.09730902777779031,4.1
380,-0.11128608923885759,4.12
379,-0.12001740644039546,4.03
378,-0.1303271441202603,3.87
377,-0.12435897435898663,3.82
376,-0.11271477663231472,3.87
375,-0.10198618307427822,3.77
374,-0.09119658119659324,3.87
373,-0.08143350604491721,3.96
372,-0.07323232323233513,3.79
371,-0.06243781094528532,3.95
370,-0.05654008438819775,3.9
369,-0.04957912457913673,3.98
368,-0.04351145038169177,4.01
367,-0.04350427350428602,3.96
366,-0.04108333333334557,3.98
365,-0.036416666666678865,3.8
364,-0.035521885521897646,3.92
363,-0.03810763888890158,4.0
362,-0.026817042606528473,4.02
361,-0.020500000000012064,3.98
360,-0.013283828382850232,3.85
359,-0.004855967078201266,4.03
358,0.011488673139146855,4.02
357,0.019902912621347545,4.05
356,0.029594272076361,4.07
355,0.036770583533161955,4.13
354,0.04599844599843483,4.13
353,0.05172955974841642,4.23
352,0.051395730706063646,4.19
351,0.04318555008208973,4.25
350,0.037307380373061805,4.23
349,0.026618122977334614,4.09
348,0.01613431613430421,4.06
347,0.0167072181670604,4.13
346,0.015435139573058627,4.11
345,0.012091503267962074,4.09
344,-0.0020942408377088925,4.08
343,-0.023287671232889964,4.47
342,-0.04566210045663423,3.84
341,-0.06286231884059282,3.8
340,-0.0775111111111239,3.66
339,-0.07872340425533221,3.64
338,-0.06824146981628584,3.68
337,-0.06451612903227114,3.75
336,-0.061698283649516225,3.79
335,-0.06339691189828728,3.78
334,-0.060711111111123844,3.75
333,-0.04196933010493483,3.7
332,-0.024168694241698433,3.68
331,0.0006289308175988914,4.13
330,0.027906976744175332,3.99
329,0.04852824184565331,4.0
328,0.048580697485795896,4.15
327,0.04294217687073666,4.23
326,0.02604166666665443,4.06
325,-0.0011711711711838847,4.13
324,-0.019822222222234724,3.84
323,-0.03574620196605372,3.84
322,-0.043548387096786705,3.72
321,-0.04752920035940152,3.75
320,-0.041155555555567956,3.74
319,-0.04063063063064308,3.73
318,-0.03617777777779014,3.7
317,-0.028258967629058527,3.76
316,-0.024331550802151554,3.73
315,-0.0243902439024515,3.71
314,-0.027977839335192968,3.78
313,-0.03260473588343695,3.73
312,-0.03754480286739585,3.69
311,-0.04009009009010236,3.59
310,-0.03854447439354327,3.65
309,-0.03270440251573535,3.72
308,-0.03070652173914274,3.7
307,-0.029848078641656516,3.72
306,-0.02601410934745462,3.73
305,-0.027387387387399733,3.69
304,-0.028532608695664718,3.76
303,-0.02497729336967644,3.74
302,-0.021684587813632486,3.71
301,-0.02025089605736012,3.7
300,-0.012533333333345572,3.67
299,-0.003527336860682259,3.7
298,0.0039111111110989565,3.72
297,0.0074468085106261395,3.76
296,0.009025915996413076,3.74
295,0.005962059620583755,3.75
294,0.007242582897021201,3.77
293,0.010122164048853693,3.74
292,0.015555555555543936,3.71
291,0.024472573839650756,3.81
290,0.037583333333321756,3.83
289,0.04648692810456384,3.87
288,0.048731408573916016,3.96
287,0.04528138528137314,4.0
286,0.03913419913418709,4.05
285,0.03031088082900358,3.81
284,0.01557876414272066,3.85
283,0.016321243523304024,3.85
282,0.015238095238083178,3.89
281,0.018181818181806534,3.8
280,0.02400990099008746,3.85
279,0.031011608623537225,3.87
278,0.03679867986797516,3.96
277,0.040203562340954804,4.02
276,0.03966666666665475,4.06
275,0.034172963895873765,4.04
274,0.029219143576814252,3.97
273,0.024249999999988225,4.0
272,0.021794871794859602,3.97
271,0.020016542597175967,3.98
270,0.026920031670614304,3.99
269,0.030718954248354247,3.92
268,0.029933665008280073,4.03
267,0.03241206030149571,4.19
266,0.023116883116870997,4.04
265,-0.01488952929876479,4.03
264,-0.06325051759835837,3.96
263,-0.09690618762476469,3.47
262,-0.1169054441260882,3.15
261,-0.1366183574879365,3.28
260,-0.11376811594204192,3.44
259,-0.09290382819795925,3.44
258,-0.07574074074075386,3.44
257,-0.07195467422097664,3.65
256,-0.0657169990503459,3.55
255,-0.059819819819832795,3.62
254,-0.0470017636684429,3.53
253,-0.03307359307360535,3.65
252,-0.016927083333345812,3.69
251,0.0021588946459288453,3.79
250,0.013196229648659623,3.82
249,0.021088435374137595,3.84
248,0.03843774168599062,3.85
247,0.04824120603013897,3.8
246,0.047237076648828785,4.31
245,0.04389179755670675,4.31
244,0.0422450728363204,3.7
243,0.02451721242652045,3.68
242,0.0276283618581792,4.05
241,0.042431761786588765,3.83
240,0.053216374268993866,4.01
239,0.05898078529656293,4.03
238,0.06790697674417506,3.98
237,0.07389937106917152,3.92
236,0.08386363636362561,4.0
235,0.08986928104573999,4.13
234,0.0835897435897312,3.98
233,0.05829059829058561,4.44
232,0.038010204081620196,4.05
231,0.012280701754373815,3.95
230,-0.004698581560296517,3.86
229,-0.007797772065136976,3.98
228,-0.007659932659945161,3.87
227,-0.004084967320273505,3.82
226,-0.008626465661653981,3.97
225,-0.0007575757575882342,3.97
224,0.01034208432775278,4.09
223,0.012354892205626068,3.95
222,0.003826530612232468,4.0
221,-0.004101221640501458,4.11
220,0.002103559870538289,4.0
219,-0.000478468899533165,3.91
218,0.005906148867302163,3.9
217,0.007124681933829928,4.11
216,0.011898734177202974,4.2
215,0.0038429406850337268,4.1
214,-0.005223880597027055,3.97
213,-0.012395309882759204,3.92
212,-0.012564102564115073,3.97
211,-0.014017094017106593,3.95
210,-0.001087801087812562,4.02
209,0.013800904977364501,3.94
208,0.026461295418629745,3.95
207,0.040891010342072404,4.3
206,0.060459770114931484,4.42
205,0.07084203201112428,4.23
204,0.0747228381374614,4.1
203,0.09065860215052791,4.79
202,0.11947496947496063,5.09
201,0.15257903494175556,4.7
200,0.18141025641024786,5.38
199,0.21473429951689954,5.78
198,0.22256586483389773,6.28
197,0.22962275819417788,5.44
196,0.1997380484610251,5.34
195,0.16758169934639566,5.6
194,0.14381944444443445,5.22
193,0.09619640387274246,5.07
192,0.06220302375808886,5.08
191,0.03184190902310612,4.8
190,-7.507507508596899e-05,4.71
189,-0.011811594202908933,4.63
188,-0.026959706959717656,4.43
187,-0.042369020501149664,4.46
186,-0.05647058823530524,4.6
185,-0.0725160256410372,4.17
184,-0.09542168674699926,4.34
183,-0.11006289308177256,4.32
182,-0.12602409638555406,4.18
181,-0.14024691358025912,4.17
180,-0.14142156862746316,4.18
179,-0.14513201320133262,4.14
178,-0.15118755118756355,3.98
177,-0.15178861788619108,4.06
176,-0.1413078149920376,4.07
175,-0.13381526104418914,4.08
174,-0.1299103504482606,4.11
173,-0.1275976724854659,4.16
172,-0.12438818565402127,4.13
171,-0.11864978902954865,4.07
170,-0.11313131313132624,4.01
169,-0.11005967604434398,3.94
168,-0.09422110552765113,4.02
167,-0.07844112769487195,3.94
166,-0.057177033492835476,3.91
165,-0.04080321285141825,3.98
164,-0.020409771473613603,4.06
163,0.0019025875190138031,4.25
162,0.017519379844948776,4.16
161,0.030133928571416824,4.25
160,0.04877873563217251,4.38
159,0.060922146636420205,4.3
158,0.05713141025639745,4.47
157,0.052517985611497876,4.7
156,0.04129586260732546,4.4
155,0.022091194968540867,4.15
154,0.01620370370369143,4.18
153,0.028740740740728892,4.28
152,0.03246445497629059,4.26
151,0.037045285820329406,4.33
150,0.04647577092509807,4.43
149,0.05224429727739783,4.27
148,0.04674242424241192,4.67
147,0.05316742081446725,4.47
146,0.050296296296283946,4.53
145,0.044569288389500715,4.44
144,0.040822320117462174,4.43
143,0.03974358974357723,4.51
142,0.032245532245519064,4.46
141,0.021505376344073217,4.5
140,0.016629044394268856,4.42
139,0.012280701754373706,4.27
138,0.02815405046479638,4.4
137,0.04702258726898255,4.43
136,0.065519568151136,4.56
135,0.08401559454189995,5.23
134,0.09797979797978709,4.88
133,0.08830532212884024,4.9
132,0.0802807017543745,5.08
131,0.0773437499999894,4.92
130,0.07864197530863166,4.79
129,0.08480104370514238,4.81
128,0.09807460890492366,5.14
127,0.11808832425891291,5.39
126,0.12356965174128282,5.12
125,0.11740938799761305,5.35
124,0.1340762753838449,5.57
123,0.1586223506743655,5.61
122,0.18453473132371487,6.01
121,0.22861394557822418,7.25
120,0.27492314448835453,6.55
119,0.29441260744984876,7.78
118,0.2977029914529825,7.55
117,0.24330666666665762,7.36
116,0.1824372759856545,6.92
115,0.1368794326241043,6.19
114,0.11095952705774578,6.23
113,0.125323741007186,6.47
112,0.13074581430744947,6.15
111,0.12166918049270146,7.11
110,0.12510351966872846,6.88
109,0.08559276980328712,6.62
108,0.05846477392217835,6.4
107,0.03474099099098184,6.42
106,0.006050420168058052,6.19
105,-0.017176870748308683,6.28
104,-0.03675213675214614,5.95
103,-0.051870187018711184,5.95
102,-0.04704944178629295,5.92
101,-0.038377535101412855,5.9
100,-0.03727422003284996,6.1
99,-0.0327913279132883,6.19
98,-0.0378258458125438,6.48
97,-0.054400908574682924,6.01
96,-0.06096000000000885,6.14
95,-0.07104377104378011,5.95
94,-0.07127777777778703,5.88
93,-0.07288812785389066,6.24
92,-0.057929883138573536,5.96
91,-0.057815126050429475,6.0
90,-0.04300546448088334,5.82
89,-0.026071055381408824,5.99
88,-0.02105555555556471,5.96
87,-0.03333333333334335,5.92
86,-0.022095548317055756,6.73
85,-0.02187670485543726,5.69
84,-0.01484942886812892,5.5
83,-0.006568946796968723,6.1
82,0.025075528700898214,6.35
81,0.03359704641349356,6.47
80,0.03844086021504502,6.23
79,0.02557616638560086,6.5
78,0.01623188405796166,6.21
77,-0.014619883040945126,6.11
76,-0.030417381360787185,5.9
75,-0.046480511925547786,5.76
74,-0.05124205661468328,5.71
73,-0.05423327412671199,5.83
72,-0.05410714285715268,5.81
71,-0.05670225385528864,5.75
70,-0.06568446899939623,5.65
69,-0.08015122873346966,5.6
68,-0.08607990012485418,5.65
67,-0.09846743295020217,5.43
66,-0.10106117353309406,5.3
65,-0.1032136105860218,5.33
64,-0.09285274183611603,5.23
63,-0.09094881398253205,5.34
62,-0.08812260536399505,5.29
61,-0.09507874015749126,5.39
60,-0.10521680216803293,5.36
59,-0.11240778001342504,5.21
58,-0.13179916317992782,5.09
57,-0.1357723577235881,4.89
56,-0.13709787816565105,4.94
55,-0.13562978427280165,4.79
54,-0.12569870483981982,4.92
53,-0.10653333333334399,4.87
52,-0.08745098039216727,4.85
51,-0.0742363877822151,4.87
50,-0.05286458333334382,5.0
49,-0.04395457581831427,5.03
48,-0.045661157024804784,5.04
47,-0.043113772455100674,5.12
46,-0.040958164642386205,4.85
45,-0.0420698924731294,4.87
44,-0.042043895747610624,4.94
43,-0.03593964334706196,5.09
42,-0.045324768022852666,4.8
41,-0.06551987767585361,4.86
40,-0.09951456310680952,4.83
39,-0.12108194112968698,4.65
38,-0.1578553615960235,4.4
37,-0.18158333333334697,4.14
36,-0.20514834205935087,4.18
35,-0.2060763888889031,3.99
34,-0.1955833333333471,4.0
33,-0.17550689375508233,3.8
32,-0.15721153846155178,3.84
31,-0.1306349206349335,4.0
30,-0.10518867924529594,4.11
29,-0.09116945107399874,4.17
28,-0.08506024096386841,4.23
27,-0.08858333333334678,4.24
26,-0.09526226734349925,4.19
25,-0.10606837606839001,4.18
24,-0.12134038800706928,3.99
23,-0.11955782312926573,3.9
22,-0.11722652885445012,3.93
21,-0.10058043117745956,3.94
20,-0.10149911816579928,3.88
19,-0.08614718614720031,3.83
18,-0.0905660377358635,3.94
17,-0.08682795698926186,3.78
16,-0.09133154602324962,3.78
15,-0.07152600170504354,3.7
14,-0.0482647296206749,3.71
13,-0.012903225806464108,3.72
12,0.01065375302662138,3.89
11,0.03780864197529625,4.43
10,0.05096153846152559,4.31
9,0.06399711399710242,4.21
8,0.07470300489167285,4.21
7,0.09480056980055832,4.5
6,0.114531435349931,4.45
5,0.1569978632478547,4.78
4,0.19897435897434967,4.68
3,0.22786596119928496,5.77
2,0.26481481481480396,5.8
1,0.2391184573002642,5.69
0,0.17690235690234593,5.52
